disease,method,seed,fold,npos,auroc,auprc
postpartum_depression,meta_abs_z,0,0,25,0.5706050047513462,0.0059015204934508
postpartum_depression,rwr,0,0,25,0.8643649033892936,0.0331026239273921
postpartum_depression,logreg,0,0,25,0.4017421602787456,0.0015405954307005
postpartum_depression,mlp,0,0,25,0.3935698447893569,0.0015875376501087
postpartum_depression,gcn,0,0,25,0.6977510294583464,0.0058237303541944
postpartum_depression,sage,0,0,25,0.5253721887868229,0.0018980897791761
postpartum_depression,sage_rwr,0,0,25,0.8373772568894521,0.0480823261731933
postpartum_depression,meta_abs_z,0,1,25,0.3654735508394044,0.0017564226292879
postpartum_depression,rwr,0,1,25,0.8207158694963573,0.0094986820729401
postpartum_depression,logreg,0,1,25,0.6512828634779855,0.0130835174386921
postpartum_depression,mlp,0,1,25,0.741875197972759,0.0113555751230021
postpartum_depression,gcn,0,1,25,0.7244219195438708,0.0042484353464292
postpartum_depression,sage,0,1,25,0.7807412100095027,0.0284825839164298
postpartum_depression,sage_rwr,0,1,25,0.8280646183085206,0.0096276494282808
postpartum_depression,meta_abs_z,0,2,25,0.6257839721254355,0.004110402206783
postpartum_depression,rwr,0,2,25,0.7737092176116567,0.0189517540631149
postpartum_depression,logreg,0,2,25,0.5577446943300601,0.0024550653081187
postpartum_depression,mlp,0,2,25,0.4324358568261007,0.0017467478860658
postpartum_depression,gcn,0,2,25,0.7325308837503959,0.0059961144914128
postpartum_depression,sage,0,2,25,0.6420019005384859,0.0029413927618026
postpartum_depression,sage_rwr,0,2,25,0.7378523915109281,0.007962209675385
postpartum_depression,meta_abs_z,0,3,25,0.4689895470383275,0.0019160711260756
postpartum_depression,rwr,0,3,25,0.788596769084574,0.0156706463455297
postpartum_depression,logreg,0,3,25,0.6903072537218878,0.0316369946387934
postpartum_depression,mlp,0,3,25,0.4752929996832436,0.001729646807912
postpartum_depression,gcn,0,3,25,0.5804244535951854,0.0044508099030472
postpartum_depression,sage,0,3,25,0.6219828951536268,0.005160031144908
postpartum_depression,sage_rwr,0,3,25,0.765410199556541,0.0123455230854778
postpartum_depression,meta_abs_z,0,4,25,0.3491128010139417,0.0015160489011202
postpartum_depression,rwr,0,4,25,0.7363117870722434,0.0266282642089093
postpartum_depression,logreg,0,4,25,0.6397972116603295,0.0038393943622394
postpartum_depression,mlp,0,4,25,0.7006970849176173,0.0042450593414092
postpartum_depression,gcn,0,4,25,0.7259188846641319,0.0037690218892883
postpartum_depression,sage,0,4,25,0.7732572877059569,0.0068157363404788
postpartum_depression,sage_rwr,0,4,25,0.7862484157160964,0.0329772732815301
postpartum_depression,meta_abs_z,1,0,25,0.4944567627494456,0.0024503745647231
postpartum_depression,rwr,1,0,25,0.683496990814064,0.0040291419386357
postpartum_depression,logreg,1,0,25,0.7041811846689895,0.0526716974901228
postpartum_depression,mlp,1,0,25,0.6505859993664872,0.0276629550104963
postpartum_depression,gcn,1,0,25,0.6829901805511561,0.0040190489741988
postpartum_depression,sage,1,0,25,0.6749445676274944,0.0064549904153502
postpartum_depression,sage_rwr,1,0,25,0.6539119417168198,0.0053254426684102
postpartum_depression,meta_abs_z,1,1,25,0.3595818815331011,0.0016381564662456
postpartum_depression,rwr,1,1,25,0.8130503642698764,0.0291826545041319
postpartum_depression,logreg,1,1,25,0.5480836236933797,0.0019636974210608
postpartum_depression,mlp,1,1,25,0.5843839087741527,0.0022726087297768
postpartum_depression,gcn,1,1,25,0.7389927146024706,0.0045695506853572
postpartum_depression,sage,1,1,25,0.7217611656636047,0.0074818174097146
postpartum_depression,sage_rwr,1,1,25,0.7861894203357618,0.0248794159863629
postpartum_depression,meta_abs_z,1,2,25,0.520874247703516,0.0018848003977734
postpartum_depression,rwr,1,2,25,0.8910357934748179,0.0871604242936262
postpartum_depression,logreg,1,2,25,0.4550522648083623,0.0023699868446385
postpartum_depression,mlp,1,2,25,0.4779854292049413,0.0027119304458352
postpartum_depression,gcn,1,2,25,0.7677541970224897,0.0054585613272834
postpartum_depression,sage,1,2,25,0.6662020905923345,0.0027486175847325
postpartum_depression,sage_rwr,1,2,25,0.9106113398796326,0.0861683145866804
postpartum_depression,meta_abs_z,1,3,25,0.3938549255622426,0.0051865907653383
postpartum_depression,rwr,1,3,25,0.9154893886601204,0.0212978209436061
postpartum_depression,logreg,1,3,25,0.6452328159645233,0.0077413876293865
postpartum_depression,mlp,1,3,25,0.5484954070319924,0.0029358040702202
postpartum_depression,gcn,1,3,25,0.6041178333861261,0.0033869339373985
postpartum_depression,sage,1,3,25,0.6677225213810579,0.0047295617274868
postpartum_depression,sage_rwr,1,3,25,0.8942033576179917,0.0198931664523419
postpartum_depression,meta_abs_z,1,4,25,0.6107097591888466,0.0040349114199147
postpartum_depression,rwr,1,4,25,0.746641318124208,0.0294860381756316
postpartum_depression,logreg,1,4,25,0.5232572877059569,0.0026704227358818
postpartum_depression,mlp,1,4,25,0.3557034220532319,0.0014657311465071
postpartum_depression,gcn,1,4,25,0.68212927756654,0.0174750973639231
postpartum_depression,sage,1,4,25,0.4778833967046895,0.0055366823034168
postpartum_depression,sage_rwr,1,4,25,0.7581115335868187,0.0075859734503523
