gsm,source_url,source_sha256,title,library_token,source_group,source_timepoint,source_ssri,analysis_label
GSM8810439,https://www.ncbi.nlm.nih.gov/geo/query/acc.cgi?acc=GSM8810439&targ=self&form=text&view=full,4a5da471e358549e126b8616ff5c3de0a55fe0c83b3198277a0c269e99bfce8b,"DE88NGSUKBR129248_Control, no depressive symptomes [postpartum sample]",DE88NGSUKBR129248,subject group: Control,time point: postpartum sample,ssri user_(yes/no): No,control
GSM8810440,https://www.ncbi.nlm.nih.gov/geo/query/acc.cgi?acc=GSM8810440&targ=self&form=text&view=full,f99e9853422aaba1fd17a636ee6132f10f90559dc0b069ea7d58f6ff3312f9bd,"DE66NGSUKBR129256_Control, no depressive symptomes [postpartum sample]",DE66NGSUKBR129256,subject group: Control,time point: postpartum sample,ssri user_(yes/no): No,control
GSM8810442,https://www.ncbi.nlm.nih.gov/geo/query/acc.cgi?acc=GSM8810442&targ=self&form=text&view=full,378526bd0f58a8dd9559e90e904b9db9a9fc9ddb2e10866d7dd64d51860c3441,DE21NGSUKBR129193_Depressive symptomes only postpartum [postpartumy sample],DE21NGSUKBR129193,subject group: Depressive symptomes only postpartum,time point: postpartumy sample,ssri user_(yes/no): No,case
GSM8810443,https://www.ncbi.nlm.nih.gov/geo/query/acc.cgi?acc=GSM8810443&targ=self&form=text&view=full,3d1797cfcdd1f6836deb6205d7ad345a6c97497fb68099152ca1b0a7e85663e5,"DE13NGSUKBR129240_Control, no depressive symptomes [postpartum sample]",DE13NGSUKBR129240,subject group: Control,time point: postpartum sample,ssri user_(yes/no): No,control
GSM8810445,https://www.ncbi.nlm.nih.gov/geo/query/acc.cgi?acc=GSM8810445&targ=self&form=text&view=full,65de0dccaf47a57d3726b54500f40ff23676d857c848683d7a69cbbb565c4464,DE64NGSUKBR129195_Depressive symptomes only postpartum [postpartumy sample],DE64NGSUKBR129195,subject group: Depressive symptomes only postpartum,time point: postpartumy sample,ssri user_(yes/no): No,case
GSM8810447,https://www.ncbi.nlm.nih.gov/geo/query/acc.cgi?acc=GSM8810447&targ=self&form=text&view=full,2475e20ba5cdca27e8eca39d4960476ee4e82a9cae721bf925c46d373e61718f,DE73NGSUKBR129227_Depressive symptomes only postpartum [postpartumy sample],DE73NGSUKBR129227,subject group: Depressive symptomes only postpartum,time point: postpartumy sample,ssri user_(yes/no): No,case
GSM8810449,https://www.ncbi.nlm.nih.gov/geo/query/acc.cgi?acc=GSM8810449&targ=self&form=text&view=full,ba5660518945b803c8785f2642f6402e4e31346827f5f9082fdff4fa0e4cb26a,DE42NGSUKBR129203_Depressive symptomes only postpartum [postpartumy sample],DE42NGSUKBR129203,subject group: Depressive symptomes only postpartum,time point: postpartumy sample,ssri user_(yes/no): No,case
GSM8810452,https://www.ncbi.nlm.nih.gov/geo/query/acc.cgi?acc=GSM8810452&targ=self&form=text&view=full,a775e8db5984e7421769ec648fae156c0e5b189e9318e7a83a9493e17ba1cb5d,DE03NGSUKBR129226_Depressive symptomes only postpartum [postpartumy sample],DE03NGSUKBR129226,subject group: Depressive symptomes only postpartum,time point: postpartumy sample,ssri user_(yes/no): No,case
GSM8810455,https://www.ncbi.nlm.nih.gov/geo/query/acc.cgi?acc=GSM8810455&targ=self&form=text&view=full,cb2f6f71f8f685f43c128919279a86fe73950d160ab12b35ee2ab3425c4babc5,DE69NGSUKBR129202_Depressive symptomes only postpartum [postpartumy sample],DE69NGSUKBR129202,subject group: Depressive symptomes only postpartum,time point: postpartumy sample,ssri user_(yes/no): No,case
GSM8810456,https://www.ncbi.nlm.nih.gov/geo/query/acc.cgi?acc=GSM8810456&targ=self&form=text&view=full,2789234c6a9ab215d4467e9c6b5440690fcd33f0f7d6f9a6bb4bf3c8b3256c7b,DE78NGSUKBR129234_Depressive symptomes only postpartum [postpartumy sample],DE78NGSUKBR129234,subject group: Depressive symptomes only postpartum,time point: postpartumy sample,ssri user_(yes/no): No,case
GSM8810458,https://www.ncbi.nlm.nih.gov/geo/query/acc.cgi?acc=GSM8810458&targ=self&form=text&view=full,8a4128f60cae74a8209017e84a1d93ce5a67c78e6df0ef619048ba7539914249,"DE17NGSUKBR129265_Control, no depressive symptomes [postpartum sample]",DE17NGSUKBR129265,subject group: Control,time point: postpartum sample,ssri user_(yes/no): No,control
GSM8810460,https://www.ncbi.nlm.nih.gov/geo/query/acc.cgi?acc=GSM8810460&targ=self&form=text&view=full,2995775145b886f683665a03d205576db096c1054b391dd3ae7742371df0a5a3,"DE16NGSUKBR129186_Control, no depressive symptomes [postpartum sample]",DE16NGSUKBR129186,subject group: Control,time point: postpartum sample,ssri user_(yes/no): No,control
GSM8810461,https://www.ncbi.nlm.nih.gov/geo/query/acc.cgi?acc=GSM8810461&targ=self&form=text&view=full,6dd0d7b07c3a0ae65cce359d149c0601fc1aabfdd909cd22aa0fbc871c6782ae,DE08NGSUKBR129233_Depressive symptomes only postpartum [postpartumy sample],DE08NGSUKBR129233,subject group: Depressive symptomes only postpartum,time point: postpartumy sample,ssri user_(yes/no): No,case
GSM8810462,https://www.ncbi.nlm.nih.gov/geo/query/acc.cgi?acc=GSM8810462&targ=self&form=text&view=full,e7746db1f3f9f37f88ee7a9cb4ccc22643075d47937fd8f0a8751dd6d6487e6e,"DE96NGSUKBR129201_Control, no depressive symptomes [postpartum sample]",DE96NGSUKBR129201,subject group: Control,time point: postpartum sample,ssri user_(yes/no): No,control
GSM8810463,https://www.ncbi.nlm.nih.gov/geo/query/acc.cgi?acc=GSM8810463&targ=self&form=text&view=full,131226dc714527347e283fa7e4393470a2f5c4b696d140852109766e492fd3db,DE47NGSUKBR129210_Depressive symptomes only postpartum [postpartumy sample],DE47NGSUKBR129210,subject group: Depressive symptomes only postpartum,time point: postpartumy sample,ssri user_(yes/no): No,case
GSM8810464,https://www.ncbi.nlm.nih.gov/geo/query/acc.cgi?acc=GSM8810464&targ=self&form=text&view=full,cf8fa067c23930d8f8f74c26fe6dcaf587775c24ff5966d9e8ced71f15fc6855,"DE32NGSUKBR129286_Control, no depressive symptomes [postpartum sample]",DE32NGSUKBR129286,subject group: Control,time point: postpartum sample,ssri user_(yes/no): No,control
GSM8810465,https://www.ncbi.nlm.nih.gov/geo/query/acc.cgi?acc=GSM8810465&targ=self&form=text&view=full,84cde2138460aee0f560bdbe4e779e9b296b27cfad62e3c6624daad731f0368e,"DE54NGSUKBR129278_Control, no depressive symptomes [postpartum sample]",DE54NGSUKBR129278,subject group: Control,time point: postpartum sample,ssri user_(yes/no): No,control
GSM8810466,https://www.ncbi.nlm.nih.gov/geo/query/acc.cgi?acc=GSM8810466&targ=self&form=text&view=full,e6f52972daf19a9830f1ae2fe0860d95da3b6cf62914cd907035a4c3d01ff2b2,"DE33NGSUKBR129268_Control, no depressive symptomes [postpartum sample]",DE33NGSUKBR129268,subject group: Control,time point: postpartum sample,ssri user_(yes/no): No,control
GSM8810467,https://www.ncbi.nlm.nih.gov/geo/query/acc.cgi?acc=GSM8810467&targ=self&form=text&view=full,2e08c7260858e97af99c095b0d52ec3ce4457714b5a8d0f45eec575f5e95a3df,"DE83NGSUKBR129241_Control, no depressive symptomes [postpartum sample]",DE83NGSUKBR129241,subject group: Control,time point: postpartum sample,ssri user_(yes/no): No,control
GSM8810470,https://www.ncbi.nlm.nih.gov/geo/query/acc.cgi?acc=GSM8810470&targ=self&form=text&view=full,624eb958aee3bbede6d7a5c1c202de116ea9abd660cc8265bfd8e2b550fae7ab,DE46NGSUKBR129325_Depressive symptomes only postpartum [postpartumy sample],DE46NGSUKBR129325,subject group: Depressive symptomes only postpartum,time point: postpartumy sample,ssri user_(yes/no): No,case
GSM8810472,https://www.ncbi.nlm.nih.gov/geo/query/acc.cgi?acc=GSM8810472&targ=self&form=text&view=full,8d0654c1f0629e6926be750d1710f9c431d4ef2a40a0c1d18c60ee50986712c4,"DE37NGSUKBR129293_Control, no depressive symptomes [postpartum sample]",DE37NGSUKBR129293,subject group: Control,time point: postpartum sample,ssri user_(yes/no): No,control
GSM8810473,https://www.ncbi.nlm.nih.gov/geo/query/acc.cgi?acc=GSM8810473&targ=self&form=text&view=full,82a41602b50c3037ebdaef575379024af8f6927233cdc44521f850554a86ad8b,"DE55NGSUKBR129260_Control, no depressive symptomes [postpartum sample]",DE55NGSUKBR129260,subject group: Control,time point: postpartum sample,ssri user_(yes/no): No,control
GSM8810474,https://www.ncbi.nlm.nih.gov/geo/query/acc.cgi?acc=GSM8810474&targ=self&form=text&view=full,4ae2a85c09ae1519a1c80aeece743d206d1c311358514ef8676fb0acaa1d81cb,"DE85NGSUKBR129302_Control, no depressive symptomes [postpartum sample]",DE85NGSUKBR129302,subject group: Control,time point: postpartum sample,ssri user_(yes/no): No,control
GSM8810475,https://www.ncbi.nlm.nih.gov/geo/query/acc.cgi?acc=GSM8810475&targ=self&form=text&view=full,b69ffd8fbaa137ed3d1516256dc8285727d3117b87ee074843239cf2a0dec094,"DE10NGSUKBR129294_Control, no depressive symptomes [postpartum sample]",DE10NGSUKBR129294,subject group: Control,time point: postpartum sample,ssri user_(yes/no): No,control
GSM8810476,https://www.ncbi.nlm.nih.gov/geo/query/acc.cgi?acc=GSM8810476&targ=self&form=text&view=full,86006fbea6691a104191820cad5f4b9ac5735ee21c8ba53c966d13e3cbbdc6b6,"DE11NGSUKBR129276_Control, no depressive symptomes [postpartum sample]",DE11NGSUKBR129276,subject group: Control,time point: postpartum sample,ssri user_(yes/no): No,control
GSM8810477,https://www.ncbi.nlm.nih.gov/geo/query/acc.cgi?acc=GSM8810477&targ=self&form=text&view=full,d02896b0594de4eaf4507d5ecbb0cf48baa4607f3bc6fbed14d1f13b74d4b85c,"DE55NGSUKBR129357_Control, no depressive symptomes [postpartum sample]",DE55NGSUKBR129357,subject group: Control,time point: postpartum sample,ssri user_(yes/no): No,control
GSM8810479,https://www.ncbi.nlm.nih.gov/geo/query/acc.cgi?acc=GSM8810479&targ=self&form=text&view=full,1c7039766aa064d36c9d415e5ebc7e2144e19795f8a342a4c9ddc476645dcba1,DE77NGSUKBR129349_Depressive symptomes only postpartum [postpartumy sample],DE77NGSUKBR129349,subject group: Depressive symptomes only postpartum,time point: postpartumy sample,ssri user_(yes/no): No,case
GSM8810481,https://www.ncbi.nlm.nih.gov/geo/query/acc.cgi?acc=GSM8810481&targ=self&form=text&view=full,76f52864e006f49c7674f98eefa0b3115c751e513d19d950fa05731ad8b23878,"DE77NGSUKBR129252_Control, no depressive symptomes [postpartum sample]",DE77NGSUKBR129252,subject group: Control,time point: postpartum sample,ssri user_(yes/no): No,control
GSM8810482,https://www.ncbi.nlm.nih.gov/geo/query/acc.cgi?acc=GSM8810482&targ=self&form=text&view=full,ca8fa92afeb364566dd9aa8ba5c265302a586d97ad6a08a355f8440c5748cdfe,DE24NGSUKBR129236_Depressive symptomes only postpartum [postpartumy sample],DE24NGSUKBR129236,subject group: Depressive symptomes only postpartum,time point: postpartumy sample,ssri user_(yes/no): No,case
GSM8810483,https://www.ncbi.nlm.nih.gov/geo/query/acc.cgi?acc=GSM8810483&targ=self&form=text&view=full,d1a4fd5135604e7b108c68880b5fd46e1f37213b5ba84331a459e7c47f5d1cd0,"DE68NGSUKBR129220_Control, no depressive symptomes [postpartum sample]",DE68NGSUKBR129220,subject group: Control,time point: postpartum sample,ssri user_(yes/no): No,control
GSM8810484,https://www.ncbi.nlm.nih.gov/geo/query/acc.cgi?acc=GSM8810484&targ=self&form=text&view=full,701894dc30558608407a27bd1d8a9050861b6bc9f9e291156c8ba81d822abc81,DE15NGSUKBR129301_Depressive symptomes only postpartum [postpartumy sample],DE15NGSUKBR129301,subject group: Depressive symptomes only postpartum,time point: postpartumy sample,ssri user_(yes/no): No,case
GSM8810486,https://www.ncbi.nlm.nih.gov/geo/query/acc.cgi?acc=GSM8810486&targ=self&form=text&view=full,1dd2810772d5d83abe104ed6c697ee33ff4de9fe7c207b837039652172a1bafe,"DE15NGSUKBR129204_Control, no depressive symptomes [postpartum sample]",DE15NGSUKBR129204,subject group: Control,time point: postpartum sample,ssri user_(yes/no): No,control
GSM8810487,https://www.ncbi.nlm.nih.gov/geo/query/acc.cgi?acc=GSM8810487&targ=self&form=text&view=full,f2abf1915b3ff0291b836f8ec7d4bf9f7e0f20b68b97a47e35c1628e2319b0cd,"DE46NGSUKBR129228_Control, no depressive symptomes [postpartum sample]",DE46NGSUKBR129228,subject group: Control,time point: postpartum sample,ssri user_(yes/no): No,control
GSM8810488,https://www.ncbi.nlm.nih.gov/geo/query/acc.cgi?acc=GSM8810488&targ=self&form=text&view=full,dfd1526eda3b3815007e9fbeccdc5b1d48f0769d901c86b2505de2b2597dc72c,DE37NGSUKBR129196_Depressive symptomes only postpartum [postpartumy sample],DE37NGSUKBR129196,subject group: Depressive symptomes only postpartum,time point: postpartumy sample,ssri user_(yes/no): No,case
GSM8810490,https://www.ncbi.nlm.nih.gov/geo/query/acc.cgi?acc=GSM8810490&targ=self&form=text&view=full,9478149d1eed7884fe399e4194bc76cbb34012820d0c55f9b7ba488abeacff03,DE82NGSUKBR129259_Depressive symptomes only postpartum [postpartumy sample],DE82NGSUKBR129259,subject group: Depressive symptomes only postpartum,time point: postpartumy sample,ssri user_(yes/no): No,case
GSM8810492,https://www.ncbi.nlm.nih.gov/geo/query/acc.cgi?acc=GSM8810492&targ=self&form=text&view=full,12702f9abe9dac3357e3797a63263f7027cb2a7a703527c3efd7a3e46c96f2a1,"DE02NGSUKBR129341_Control, no depressive symptomes [postpartum sample]",DE02NGSUKBR129341,subject group: Control,time point: postpartum sample,ssri user_(yes/no): No,control
GSM8810494,https://www.ncbi.nlm.nih.gov/geo/query/acc.cgi?acc=GSM8810494&targ=self&form=text&view=full,0c16f34f9677dc5143115112a1e71b4a15e3187e5c1755a30cc61f73b0d25add,DE59NGSUKBR129188_Depressive symptomes only postpartum [postpartumy sample],DE59NGSUKBR129188,subject group: Depressive symptomes only postpartum,time point: postpartumy sample,ssri user_(yes/no): No,case
GSM8810496,https://www.ncbi.nlm.nih.gov/geo/query/acc.cgi?acc=GSM8810496&targ=self&form=text&view=full,8c4de30d14a92617ee935a062b06b198fae2b3701f59e9f2c8de9d61adccdf3e,"DE09NGSUKBR129312_Control, no depressive symptomes [postpartum sample]",DE09NGSUKBR129312,subject group: Control,time point: postpartum sample,ssri user_(yes/no): No,control
GSM8810497,https://www.ncbi.nlm.nih.gov/geo/query/acc.cgi?acc=GSM8810497&targ=self&form=text&view=full,7b05a90f3cf071df1b30d6e547c7b60815314fec5571a8ff98fc58cbe0407b20,"DE14NGSUKBR129319_Control, no depressive symptomes [postpartum sample]",DE14NGSUKBR129319,subject group: Control,time point: postpartum sample,ssri user_(yes/no): No,control
GSM8810499,https://www.ncbi.nlm.nih.gov/geo/query/acc.cgi?acc=GSM8810499&targ=self&form=text&view=full,adcc93aef4e9e30671bd71815cfabec5a882944a205025b20595d5c3024308ba,"DE84NGSUKBR129320_Control, no depressive symptomes [postpartum sample]",DE84NGSUKBR129320,subject group: Control,time point: postpartum sample,ssri user_(yes/no): No,control
GSM8810500,https://www.ncbi.nlm.nih.gov/geo/query/acc.cgi?acc=GSM8810500&targ=self&form=text&view=full,ae4d8c1f3836dc3dd56ffc8d9536f6db86449089a815144a324119d28e357b0b,"DE89NGSUKBR129327_Control, no depressive symptomes [postpartum sample]",DE89NGSUKBR129327,subject group: Control,time point: postpartum sample,ssri user_(yes/no): No,control
GSM8810501,https://www.ncbi.nlm.nih.gov/geo/query/acc.cgi?acc=GSM8810501&targ=self&form=text&view=full,21066dcbe81805aeadfadcf509f5dfd61909004826dd89944636b3a2b868b61a,DE23NGSUKBR129351_Depressive symptomes only postpartum [postpartumy sample],DE23NGSUKBR129351,subject group: Depressive symptomes only postpartum,time point: postpartumy sample,ssri user_(yes/no): No,case
GSM8810502,https://www.ncbi.nlm.nih.gov/geo/query/acc.cgi?acc=GSM8810502&targ=self&form=text&view=full,947da39d7f50037f0874dc353ecdfef418ce1e3b2bfcd8dd46dd131e42bd0ad5,"DE40NGSUKBR129336_Control, no depressive symptomes [postpartum sample]",DE40NGSUKBR129336,subject group: Control,time point: postpartum sample,ssri user_(yes/no): No,control
GSM8810504,https://www.ncbi.nlm.nih.gov/geo/query/acc.cgi?acc=GSM8810504&targ=self&form=text&view=full,c034cee7bb1ba7224f5a854bf64829a1485d19e4496a04604a8dfca4d5d39a1f,"DE62NGSUKBR129328_Control, no depressive symptomes [postpartum sample]",DE62NGSUKBR129328,subject group: Control,time point: postpartum sample,ssri user_(yes/no): No,control
GSM8810505,https://www.ncbi.nlm.nih.gov/geo/query/acc.cgi?acc=GSM8810505&targ=self&form=text&view=full,4724cc78e5049781f4b66b0622978ba9bbe3bd73fd809604a566d83946fe2f94,"DE72NGSUKBR129342_Control, no depressive symptomes [postpartum sample]",DE72NGSUKBR129342,subject group: Control,time point: postpartum sample,ssri user_(yes/no): No,control
GSM8810506,https://www.ncbi.nlm.nih.gov/geo/query/acc.cgi?acc=GSM8810506&targ=self&form=text&view=full,e919ad31d70031a098da144f47b287bdd9c495535a6096dbf657223c027ce219,"DE36NGSUKBR129311_Control, no depressive symptomes [postpartum sample]",DE36NGSUKBR129311,subject group: Control,time point: postpartum sample,ssri user_(yes/no): No,control
GSM8810507,https://www.ncbi.nlm.nih.gov/geo/query/acc.cgi?acc=GSM8810507&targ=self&form=text&view=full,aaaae4f490b9e1cdd4571df04fc25c387b382edfe5677a312991a9a9ebaf0dc9,"DE97NGSUKBR129280_Control, no depressive symptomes [postpartum sample]",DE97NGSUKBR129280,subject group: Control,time point: postpartum sample,ssri user_(yes/no): No,control
GSM8810508,https://www.ncbi.nlm.nih.gov/geo/query/acc.cgi?acc=GSM8810508&targ=self&form=text&view=full,169ee722bb7a460b017e99dfb8a3f6662293110b730bf35ad90e6261651ca7b7,"DE98NGSUKBR129359_Control, no depressive symptomes [postpartum sample]",DE98NGSUKBR129359,subject group: Control,time point: postpartum sample,ssri user_(yes/no): No,control
GSM8810510,https://www.ncbi.nlm.nih.gov/geo/query/acc.cgi?acc=GSM8810510&targ=self&form=text&view=full,05c31190976f81463589d3b2fad0bc51d779e919e4d3594e91e7f595e34ed236,"DE41NGSUKBR129318_Control, no depressive symptomes [postpartum sample]",DE41NGSUKBR129318,subject group: Control,time point: postpartum sample,ssri user_(yes/no): No,control
GSM8810512,https://www.ncbi.nlm.nih.gov/geo/query/acc.cgi?acc=GSM8810512&targ=self&form=text&view=full,1498e0d50a8a5046c2e104c4862271b34a9a2c688bf104d133b3873228e58abf,"DE67NGSUKBR129335_Control, no depressive symptomes [postpartum sample]",DE67NGSUKBR129335,subject group: Control,time point: postpartum sample,ssri user_(yes/no): No,control
GSM8810514,https://www.ncbi.nlm.nih.gov/geo/query/acc.cgi?acc=GSM8810514&targ=self&form=text&view=full,d22edb2d5a539eaac6c7603539d1559e9ac12d40e77271d554073fd08ee8300e,"DE06NGSUKBR129366_Control, no depressive symptomes [postpartum sample]",DE06NGSUKBR129366,subject group: Control,time point: postpartum sample,ssri user_(yes/no): No,control
GSM8810515,https://www.ncbi.nlm.nih.gov/geo/query/acc.cgi?acc=GSM8810515&targ=self&form=text&view=full,ff070935da17f93eca173b4a5698a53267d32ed9d28db33f1e99477d4095d682,DE63NGSUKBR129310_Depressive symptomes only postpartum [postpartumy sample],DE63NGSUKBR129310,subject group: Depressive symptomes only postpartum,time point: postpartumy sample,ssri user_(yes/no): No,case
GSM8810518,https://www.ncbi.nlm.nih.gov/geo/query/acc.cgi?acc=GSM8810518&targ=self&form=text&view=full,695f07a6ea329a38a27b96b6ab0ceb9632da581f6c56ffd77ac11c6edc6fda77,"DE57NGSUKBR129224_Control, no depressive symptomes [postpartum sample]",DE57NGSUKBR129224,subject group: Control,time point: postpartum sample,ssri user_(yes/no): No,control
GSM8810519,https://www.ncbi.nlm.nih.gov/geo/query/acc.cgi?acc=GSM8810519&targ=self&form=text&view=full,53a66b0168b176952c6209cbe38a4773304abb939521031f0b43fe1b4a0789c9,"DE71NGSUKBR129263_Control, no depressive symptomes [postpartum sample]",DE71NGSUKBR129263,subject group: Control,time point: postpartum sample,ssri user_(yes/no): No,control
GSM8810520,https://www.ncbi.nlm.nih.gov/geo/query/acc.cgi?acc=GSM8810520&targ=self&form=text&view=full,0ddbb6a6813b2c012972793bece9ade0f6bc1b8c23e60e1e116d2316d5f5ca22,DE50NGSUKBR129350_Depressive symptomes only postpartum [postpartumy sample],DE50NGSUKBR129350,subject group: Depressive symptomes only postpartum,time point: postpartumy sample,ssri user_(yes/no): No,case
GSM8810521,https://www.ncbi.nlm.nih.gov/geo/query/acc.cgi?acc=GSM8810521&targ=self&form=text&view=full,3a4b9902290a61a6b59e7b4c266a3f97f9b019f2524baae51fa66a55e0ba046f,DE19NGSUKBR129326_Depressive symptomes only postpartum [postpartumy sample],DE19NGSUKBR129326,subject group: Depressive symptomes only postpartum,time point: postpartumy sample,ssri user_(yes/no): No,case
GSM8810522,https://www.ncbi.nlm.nih.gov/geo/query/acc.cgi?acc=GSM8810522&targ=self&form=text&view=full,300946ef7e9629001cf3aa05aefe0fed5a0aabbb5902fb0ad956111618047fa1,DE91NGSUKBR129291_Depressive symptomes only postpartum [postpartumy sample],DE91NGSUKBR129291,subject group: Depressive symptomes only postpartum,time point: postpartumy sample,ssri user_(yes/no): No,case
GSM8810523,https://www.ncbi.nlm.nih.gov/geo/query/acc.cgi?acc=GSM8810523&targ=self&form=text&view=full,ae28419eae1f50647728df34be5de17d766f8cb16ab37ee71d501b4e70fc85ee,"DE78NGSUKBR129331_Control, no depressive symptomes [postpartum sample]",DE78NGSUKBR129331,subject group: Control,time point: postpartum sample,ssri user_(yes/no): No,control
GSM8810525,https://www.ncbi.nlm.nih.gov/geo/query/acc.cgi?acc=GSM8810525&targ=self&form=text&view=full,b4d495970c01d1e66ce3c78fd59735bda3e33b1592d74ae6eedea1bd4690149d,"DE14NGSUKBR129416_Control, no depressive symptomes [postpartum sample]",DE14NGSUKBR129416,subject group: Control,time point: postpartum sample,ssri user_(yes/no): No,control
GSM8810526,https://www.ncbi.nlm.nih.gov/geo/query/acc.cgi?acc=GSM8810526&targ=self&form=text&view=full,488ca4602d9aac33dedc12797e5c72f06c9141c88da800b84eca3cdc4f0de297,"DE03NGSUKBR129323_Control, no depressive symptomes [postpartum sample]",DE03NGSUKBR129323,subject group: Control,time point: postpartum sample,ssri user_(yes/no): No,control
GSM8810527,https://www.ncbi.nlm.nih.gov/geo/query/acc.cgi?acc=GSM8810527&targ=self&form=text&view=full,7a2cf4faff13bc33909203356c32880e3024a74ef15cd62078cf49942da221cc,DE26NGSUKBR129394_Depressive symptomes only postpartum [postpartumy sample],DE26NGSUKBR129394,subject group: Depressive symptomes only postpartum,time point: postpartumy sample,ssri user_(yes/no): No,case
GSM8810528,https://www.ncbi.nlm.nih.gov/geo/query/acc.cgi?acc=GSM8810528&targ=self&form=text&view=full,574a119bb83d6cb1f6248318d3f47e6dc0fbd8cc023f0bc913a4e37439c5f180,"DE56NGSUKBR129339_Control, no depressive symptomes [postpartum sample]",DE56NGSUKBR129339,subject group: Control,time point: postpartum sample,ssri user_(yes/no): No,control
GSM8810529,https://www.ncbi.nlm.nih.gov/geo/query/acc.cgi?acc=GSM8810529&targ=self&form=text&view=full,9e1b19d00cd5dde5491f34cf70f366f1d0a36edaa2f8cb07fd755098c91879eb,"DE69NGSUKBR129299_Control, no depressive symptomes [postpartum sample]",DE69NGSUKBR129299,subject group: Control,time point: postpartum sample,ssri user_(yes/no): No,control
GSM8810530,https://www.ncbi.nlm.nih.gov/geo/query/acc.cgi?acc=GSM8810530&targ=self&form=text&view=full,06b0da9c9483c250691513f4406bc037429590ba4354f6a77df225684b4d9b42,"DE93NGSUKBR129352_Control, no depressive symptomes [postpartum sample]",DE93NGSUKBR129352,subject group: Control,time point: postpartum sample,ssri user_(yes/no): No,control
GSM8810531,https://www.ncbi.nlm.nih.gov/geo/query/acc.cgi?acc=GSM8810531&targ=self&form=text&view=full,1d486d26b61ad717069fb159bf033413dbd8464611fdf7e6d8d537ba6d88870a,"DE36NGSUKBR129408_Control, no depressive symptomes [postpartum sample]",DE36NGSUKBR129408,subject group: Control,time point: postpartum sample,ssri user_(yes/no): No,control
GSM8810532,https://www.ncbi.nlm.nih.gov/geo/query/acc.cgi?acc=GSM8810532&targ=self&form=text&view=full,22b29a69c92ec248ffcc0144a08b8b83866c4503aa29661def8dd74e6d284a6f,"DE16NGSUKBR129283_Control, no depressive symptomes [postpartum sample]",DE16NGSUKBR129283,subject group: Control,time point: postpartum sample,ssri user_(yes/no): No,control
GSM8810533,https://www.ncbi.nlm.nih.gov/geo/query/acc.cgi?acc=GSM8810533&targ=self&form=text&view=full,fc746df391c055732d9f98df2d2c199ec1447b28799c9f92369ba4124ca69525,DE30NGSUKBR129128_Depressive symptomes only postpartum [postpartumy sample],DE30NGSUKBR129128,subject group: Depressive symptomes only postpartum,time point: postpartumy sample,ssri user_(yes/no): No,case
GSM8810534,https://www.ncbi.nlm.nih.gov/geo/query/acc.cgi?acc=GSM8810534&targ=self&form=text&view=full,f7b20f90f2a6ea2064eee4c83032ec8215dbd81ddb5dc1d961152a595d5650d7,"DE62NGSUKBR129425_Control, no depressive symptomes [postpartum sample]",DE62NGSUKBR129425,subject group: Control,time point: postpartum sample,ssri user_(yes/no): No,control
GSM8810535,https://www.ncbi.nlm.nih.gov/geo/query/acc.cgi?acc=GSM8810535&targ=self&form=text&view=full,4c5102da69a413159cefc416382daf2a620c557d68020b223624b26ae7bf721a,DE69NGSUKBR129396_Depressive symptomes only postpartum [postpartumy sample],DE69NGSUKBR129396,subject group: Depressive symptomes only postpartum,time point: postpartumy sample,ssri user_(yes/no): No,case
GSM8810536,https://www.ncbi.nlm.nih.gov/geo/query/acc.cgi?acc=GSM8810536&targ=self&form=text&view=full,6defa282184d4a95621e0eb8ff04cb3d9f3b2a8bfca171bef89056cb2a1f5e3e,"DE97NGSUKBR129377_Control, no depressive symptomes [postpartum sample]",DE97NGSUKBR129377,subject group: Control,time point: postpartum sample,ssri user_(yes/no): No,control
GSM8810538,https://www.ncbi.nlm.nih.gov/geo/query/acc.cgi?acc=GSM8810538&targ=self&form=text&view=full,e369393b05e80e7bbe72fc5c6a45fc04369c401e30982a8a3f97a0c09140c802,"DE08NGSUKBR129427_Control, no depressive symptomes [postpartum sample]",DE08NGSUKBR129427,subject group: Control,time point: postpartum sample,ssri user_(yes/no): No,control
GSM8810539,https://www.ncbi.nlm.nih.gov/geo/query/acc.cgi?acc=GSM8810539&targ=self&form=text&view=full,efb3e9cd2483eb23f65ab0af4f1f367b4a9a503754a6de43f0fffaceef9d125c,"DE94NGSUKBR129140_Control, no depressive symptomes [postpartum sample]",DE94NGSUKBR129140,subject group: Control,time point: postpartum sample,ssri user_(yes/no): No,control
GSM8810540,https://www.ncbi.nlm.nih.gov/geo/query/acc.cgi?acc=GSM8810540&targ=self&form=text&view=full,1e7035ae994dec1c2f104e900664e012bebaf8f9097bb2a78ead0014779a5cc3,"DE70NGSUKBR129378_Control, no depressive symptomes [postpartum sample]",DE70NGSUKBR129378,subject group: Control,time point: postpartum sample,ssri user_(yes/no): No,control
GSM8810541,https://www.ncbi.nlm.nih.gov/geo/query/acc.cgi?acc=GSM8810541&targ=self&form=text&view=full,56a635415fc2a66daa268f809ab9391ffd58a0a640768f7da825c59e22fff521,"DE47NGSUKBR129307_Control, no depressive symptomes [postpartum sample]",DE47NGSUKBR129307,subject group: Control,time point: postpartum sample,ssri user_(yes/no): No,control
GSM8810542,https://www.ncbi.nlm.nih.gov/geo/query/acc.cgi?acc=GSM8810542&targ=self&form=text&view=full,17ef4d7d583743c1049d4884a57e5f815bed07afe33d6f04e706669ae34b35f5,"DE09NGSUKBR129409_Control, no depressive symptomes [postpartum sample]",DE09NGSUKBR129409,subject group: Control,time point: postpartum sample,ssri user_(yes/no): No,control
GSM8810544,https://www.ncbi.nlm.nih.gov/geo/query/acc.cgi?acc=GSM8810544&targ=self&form=text&view=full,db361664b284545f403c69aa49c1037b3904117cf117d6ace7433a7df80c4b30,"DE05NGSUKBR129384_Control, no depressive symptomes [postpartum sample]",DE05NGSUKBR129384,subject group: Control,time point: postpartum sample,ssri user_(yes/no): No,control
GSM8810545,https://www.ncbi.nlm.nih.gov/geo/query/acc.cgi?acc=GSM8810545&targ=self&form=text&view=full,dc10cd6c869cf762985022f13317068cd4fc057e1e64d9039d377f66f3bb664d,"DE18NGSUKBR129344_Control, no depressive symptomes [postpartum sample]",DE18NGSUKBR129344,subject group: Control,time point: postpartum sample,ssri user_(yes/no): No,control
GSM8810546,https://www.ncbi.nlm.nih.gov/geo/query/acc.cgi?acc=GSM8810546&targ=self&form=text&view=full,21674376e5cf76c0a0ef91ca17f015a4bda2a5439e3393e46c89cbea64047b0b,"DE04NGSUKBR129402_Control, no depressive symptomes [postpartum sample]",DE04NGSUKBR129402,subject group: Control,time point: postpartum sample,ssri user_(yes/no): No,control
GSM8810547,https://www.ncbi.nlm.nih.gov/geo/query/acc.cgi?acc=GSM8810547&targ=self&form=text&view=full,7a3e85d401d838e0d071ff4d1c0a634bed46b9f385641d43979bacb73c936e19,"DE25NGSUKBR129315_Control, no depressive symptomes [postpartum sample]",DE25NGSUKBR129315,subject group: Control,time point: postpartum sample,ssri user_(yes/no): No,control
GSM8810548,https://www.ncbi.nlm.nih.gov/geo/query/acc.cgi?acc=GSM8810548&targ=self&form=text&view=full,aaf807469b7332704dc0c26ed541526f2093876c4c1e6591d6a85cca0b86e203,"DE53NGSUKBR129393_Control, no depressive symptomes [postpartum sample]",DE53NGSUKBR129393,subject group: Control,time point: postpartum sample,ssri user_(yes/no): No,control
GSM8810549,https://www.ncbi.nlm.nih.gov/geo/query/acc.cgi?acc=GSM8810549&targ=self&form=text&view=full,a4897895bca13ba5c50701b774e764a7c21e4b96dda91bf0e14b04a6b0a616b5,"DE89NGSUKBR129424_Control, no depressive symptomes [postpartum sample]",DE89NGSUKBR129424,subject group: Control,time point: postpartum sample,ssri user_(yes/no): No,control
GSM8810550,https://www.ncbi.nlm.nih.gov/geo/query/acc.cgi?acc=GSM8810550&targ=self&form=text&view=full,37d5c9b8a3de721a99f42f674d3e90a00112579f383afce1eb4dde06480b0340,"DE52NGSUKBR129411_Control, no depressive symptomes [postpartum sample]",DE52NGSUKBR129411,subject group: Control,time point: postpartum sample,ssri user_(yes/no): No,control
GSM8810551,https://www.ncbi.nlm.nih.gov/geo/query/acc.cgi?acc=GSM8810551&targ=self&form=text&view=full,0cdd02a96d962fbf69af3e297babee41b8bad989a6ddf2b660cfd901a6185536,"DE78NGSUKBR129428_Control, no depressive symptomes [postpartum sample]",DE78NGSUKBR129428,subject group: Control,time point: postpartum sample,ssri user_(yes/no): No,control
GSM8810555,https://www.ncbi.nlm.nih.gov/geo/query/acc.cgi?acc=GSM8810555&targ=self&form=text&view=full,47948b469a65c627a860b3bb29f3d53da0447dbfbab3e083966af1a8b2701053,"DE20NGSUKBR129405_Control, no depressive symptomes [postpartum sample]",DE20NGSUKBR129405,subject group: Control,time point: postpartum sample,ssri user_(yes/no): No,control
GSM8810558,https://www.ncbi.nlm.nih.gov/geo/query/acc.cgi?acc=GSM8810558&targ=self&form=text&view=full,30fddda450821aef6d31270589e35b7aa0b1edf88309bd1693b0f724d9a6a7a8,"DE73NGSUKBR129324_Control, no depressive symptomes [postpartum sample]",DE73NGSUKBR129324,subject group: Control,time point: postpartum sample,ssri user_(yes/no): No,control
GSM8810559,https://www.ncbi.nlm.nih.gov/geo/query/acc.cgi?acc=GSM8810559&targ=self&form=text&view=full,349c07732517d7b850984ad9ac0d864d03255a0e4e59500677b4865c019fb713,"DE20NGSUKBR129308_Control, no depressive symptomes [postpartum sample]",DE20NGSUKBR129308,subject group: Control,time point: postpartum sample,ssri user_(yes/no): No,control
GSM8810561,https://www.ncbi.nlm.nih.gov/geo/query/acc.cgi?acc=GSM8810561&targ=self&form=text&view=full,6e69b304a333db1d225960245e4ee88b90a1ad83f051b38557c04f6e01dcca54,"DE95NGSUKBR129316_Control, no depressive symptomes [postpartum sample]",DE95NGSUKBR129316,subject group: Control,time point: postpartum sample,ssri user_(yes/no): No,control
GSM8810562,https://www.ncbi.nlm.nih.gov/geo/query/acc.cgi?acc=GSM8810562&targ=self&form=text&view=full,2711b4b604a038a13e4d8cc8fb7b7e5291ecb40cc2cd004c32f12a9a628cf380,DE38NGSUKBR129372_Depressive symptomes only postpartum [postpartumy sample],DE38NGSUKBR129372,subject group: Depressive symptomes only postpartum,time point: postpartumy sample,ssri user_(yes/no): No,case
GSM8810563,https://www.ncbi.nlm.nih.gov/geo/query/acc.cgi?acc=GSM8810563&targ=self&form=text&view=full,85809a347e233299186eea2aad8e5ef748e7b8c7bc3d50f003b66428864cb208,DE43NGSUKBR129379_Depressive symptomes only postpartum [postpartumy sample],DE43NGSUKBR129379,subject group: Depressive symptomes only postpartum,time point: postpartumy sample,ssri user_(yes/no): No,case
GSM8810565,https://www.ncbi.nlm.nih.gov/geo/query/acc.cgi?acc=GSM8810565&targ=self&form=text&view=full,1f8c55eb47ec79f551f4d3b8baf25bb4ffb4af5ad06e9e3764d43ffe945f601a,"DE35NGSUKBR129232_Control, no depressive symptomes [postpartum sample]",DE35NGSUKBR129232,subject group: Control,time point: postpartum sample,ssri user_(yes/no): No,control
GSM8810566,https://www.ncbi.nlm.nih.gov/geo/query/acc.cgi?acc=GSM8810566&targ=self&form=text&view=full,f4d43c98dd7dc1556e0b9b6f05dacada6cc47905c4a89ca9a7e54bc995361f68,"DE11NGSUKBR129373_Control, no depressive symptomes [postpartum sample]",DE11NGSUKBR129373,subject group: Control,time point: postpartum sample,ssri user_(yes/no): No,control
GSM8810568,https://www.ncbi.nlm.nih.gov/geo/query/acc.cgi?acc=GSM8810568&targ=self&form=text&view=full,298aa904dcb0628f5664890924812638e9d6583c15dd094aa67b9b56d72c1463,DE26NGSUKBR129103_Depressive symptomes only postpartum [postpartumy sample],DE26NGSUKBR129103,subject group: Depressive symptomes only postpartum,time point: postpartumy sample,ssri user_(yes/no): No,case
GSM8810569,https://www.ncbi.nlm.nih.gov/geo/query/acc.cgi?acc=GSM8810569&targ=self&form=text&view=full,5bb77e56822cf07653cbe567779d50924984625cf9c6b7cddbb1baeb13ddb9d9,DE60NGSUKBR129364_Depressive symptomes only postpartum [postpartumy sample],DE60NGSUKBR129364,subject group: Depressive symptomes only postpartum,time point: postpartumy sample,ssri user_(yes/no): No,case
GSM8810570,https://www.ncbi.nlm.nih.gov/geo/query/acc.cgi?acc=GSM8810570&targ=self&form=text&view=full,64ef54d1b511f5820b17ceecc3ca6207de8e8c401f5c0a43748e7e2127ae4d62,"DE07NGSUKBR129348_Control, no depressive symptomes [postpartum sample]",DE07NGSUKBR129348,subject group: Control,time point: postpartum sample,ssri user_(yes/no): No,control
GSM8810572,https://www.ncbi.nlm.nih.gov/geo/query/acc.cgi?acc=GSM8810572&targ=self&form=text&view=full,a1f32f9f709a4190d9fa5bf39ed1a3b4551c6bec4858ff45d7f1580ed1f10f7e,"DE65NGSUKBR129371_Control, no depressive symptomes [postpartum sample]",DE65NGSUKBR129371,subject group: Control,time point: postpartum sample,ssri user_(yes/no): No,control
GSM8810573,https://www.ncbi.nlm.nih.gov/geo/query/acc.cgi?acc=GSM8810573&targ=self&form=text&view=full,f63cf4ea7e1a7800e1c5ad34392bc365c30d93e349371f4090b2aec8017f197d,DE87NGSUKBR129363_Depressive symptomes only postpartum [postpartumy sample],DE87NGSUKBR129363,subject group: Depressive symptomes only postpartum,time point: postpartumy sample,ssri user_(yes/no): No,case
GSM8810574,https://www.ncbi.nlm.nih.gov/geo/query/acc.cgi?acc=GSM8810574&targ=self&form=text&view=full,04fddd8c65b101dbc6b769a0eb1ce70dc8337122c7080f8d68ee0f0bb8949bc5,"DE30NGSUKBR129419_Control, no depressive symptomes [postpartum sample]",DE30NGSUKBR129419,subject group: Control,time point: postpartum sample,ssri user_(yes/no): No,control
GSM8810575,https://www.ncbi.nlm.nih.gov/geo/query/acc.cgi?acc=GSM8810575&targ=self&form=text&view=full,632783f20c92d493c9f954d47c2d2bf478854e8da32b5d38f4ae70d7b25a30ca,DE82NGSUKBR129356_Depressive symptomes only postpartum [postpartumy sample],DE82NGSUKBR129356,subject group: Depressive symptomes only postpartum,time point: postpartumy sample,ssri user_(yes/no): No,case
GSM8810576,https://www.ncbi.nlm.nih.gov/geo/query/acc.cgi?acc=GSM8810576&targ=self&form=text&view=full,6348c280a8125460e17f26e61559ec2be26a0a804b8a8cf08fd15da024b8ce6f,DE42NGSUKBR129300_Depressive symptomes only postpartum [postpartumy sample],DE42NGSUKBR129300,subject group: Depressive symptomes only postpartum,time point: postpartumy sample,ssri user_(yes/no): No,case
GSM8810577,https://www.ncbi.nlm.nih.gov/geo/query/acc.cgi?acc=GSM8810577&targ=self&form=text&view=full,fa466973b2c9eb055e9b5253755fad53938732a14e05b257153447fd4faed94e,DE34NGSUKBR129347_Depressive symptomes only postpartum [postpartumy sample],DE34NGSUKBR129347,subject group: Depressive symptomes only postpartum,time point: postpartumy sample,ssri user_(yes/no): No,case
GSM8810578,https://www.ncbi.nlm.nih.gov/geo/query/acc.cgi?acc=GSM8810578&targ=self&form=text&view=full,2d4a2ef0991e99b0f1fb1c6b3174a254685a746c7b370af94c78dce4c50b49e9,"DE58NGSUKBR129400_Control, no depressive symptomes [postpartum sample]",DE58NGSUKBR129400,subject group: Control,time point: postpartum sample,ssri user_(yes/no): No,control
GSM8810579,https://www.ncbi.nlm.nih.gov/geo/query/acc.cgi?acc=GSM8810579&targ=self&form=text&view=full,41f7471f7e1454d842d7295aa44177ee59686c0dbe04bc4320f2ae0b15530681,DE12NGSUKBR129355_Depressive symptomes only postpartum [postpartumy sample],DE12NGSUKBR129355,subject group: Depressive symptomes only postpartum,time point: postpartumy sample,ssri user_(yes/no): No,case
GSM8810580,https://www.ncbi.nlm.nih.gov/geo/query/acc.cgi?acc=GSM8810580&targ=self&form=text&view=full,a513cb3280dd77d9d3e45c694451ca451fe3670917c9b366df4a22d1d54ba60d,"DE96NGSUKBR129395_Control, no depressive symptomes [postpartum sample]",DE96NGSUKBR129395,subject group: Control,time point: postpartum sample,ssri user_(yes/no): No,control
GSM8810582,https://www.ncbi.nlm.nih.gov/geo/query/acc.cgi?acc=GSM8810582&targ=self&form=text&view=full,79acc548b88ac1da490f70094f0abc31494ccbffb96eab602f40c54caaccbd55,"DE57NGSUKBR129127_Control, no depressive symptomes [postpartum sample]",DE57NGSUKBR129127,subject group: Control,time point: postpartum sample,ssri user_(yes/no): No,control
GSM8810583,https://www.ncbi.nlm.nih.gov/geo/query/acc.cgi?acc=GSM8810583&targ=self&form=text&view=full,26edba929e495c58b80a032b4503c7c40fd5e166e4fe7e57a20540f0a862b68b,"DE13NGSUKBR129143_Control, no depressive symptomes [postpartum sample]",DE13NGSUKBR129143,subject group: Control,time point: postpartum sample,ssri user_(yes/no): No,control
GSM8810584,https://www.ncbi.nlm.nih.gov/geo/query/acc.cgi?acc=GSM8810584&targ=self&form=text&view=full,1fb1a3ebc1a34de629bbf82b7e38bb3bd221b61aa34da44ad0c76a680bfd2f35,DE35NGSUKBR129135_Depressive symptomes only postpartum [postpartumy sample],DE35NGSUKBR129135,subject group: Depressive symptomes only postpartum,time point: postpartumy sample,ssri user_(yes/no): No,case
GSM8810585,https://www.ncbi.nlm.nih.gov/geo/query/acc.cgi?acc=GSM8810585&targ=self&form=text&view=full,37c3977b12a4272e714d4c4ffac548da020cd823908d21370b556b05b6a70bea,"DE88NGSUKBR129151_Control, no depressive symptomes [postpartum sample]",DE88NGSUKBR129151,subject group: Control,time point: postpartum sample,ssri user_(yes/no): No,control
GSM8810586,https://www.ncbi.nlm.nih.gov/geo/query/acc.cgi?acc=GSM8810586&targ=self&form=text&view=full,302ec9b5bd87930f0c520a156e9630b4771b31c6ee36a16d8bc0f7d581080ade,"DE21NGSUKBR129096_Control, no depressive symptomes [postpartum sample]",DE21NGSUKBR129096,subject group: Control,time point: postpartum sample,ssri user_(yes/no): No,control
GSM8810587,https://www.ncbi.nlm.nih.gov/geo/query/acc.cgi?acc=GSM8810587&targ=self&form=text&view=full,909d9b62c2aa48df73c804af81e2e6dc7120ca2d941931d47add95990d5c6471,"DE43NGSUKBR129088_Control, no depressive symptomes [postpartum sample]",DE43NGSUKBR129088,subject group: Control,time point: postpartum sample,ssri user_(yes/no): No,control
GSM8810588,https://www.ncbi.nlm.nih.gov/geo/query/acc.cgi?acc=GSM8810588&targ=self&form=text&view=full,a4bc3d303ec63b701457a37139bbeaf9adeb65e22fa3489f38303be2d20b099f,"DE22NGSUKBR129175_Control, no depressive symptomes [postpartum sample]",DE22NGSUKBR129175,subject group: Control,time point: postpartum sample,ssri user_(yes/no): No,control
GSM8810589,https://www.ncbi.nlm.nih.gov/geo/query/acc.cgi?acc=GSM8810589&targ=self&form=text&view=full,ba979317b775c83f9515df1ca39d61605884205f69f72ba84bd2de7883e1a4b1,"DE44NGSUKBR129167_Control, no depressive symptomes [postpartum sample]",DE44NGSUKBR129167,subject group: Control,time point: postpartum sample,ssri user_(yes/no): No,control
GSM8810590,https://www.ncbi.nlm.nih.gov/geo/query/acc.cgi?acc=GSM8810590&targ=self&form=text&view=full,a7d1a265866ab4b0489fe229127997d87b8bcaff0ed0f62ac94433862e4cf773,"DE66NGSUKBR129159_Control, no depressive symptomes [postpartum sample]",DE66NGSUKBR129159,subject group: Control,time point: postpartum sample,ssri user_(yes/no): No,control
GSM8810591,https://www.ncbi.nlm.nih.gov/geo/query/acc.cgi?acc=GSM8810591&targ=self&form=text&view=full,82cee1386fcf216069e933cd720dc98fed89dc6ffd8a7b27347c3fbcaa7fd7a4,"DE74NGSUKBR129112_Control, no depressive symptomes [postpartum sample]",DE74NGSUKBR129112,subject group: Control,time point: postpartum sample,ssri user_(yes/no): No,control
GSM8810592,https://www.ncbi.nlm.nih.gov/geo/query/acc.cgi?acc=GSM8810592&targ=self&form=text&view=full,8162b90a70910be89e286d6323e67e3931df0f3e3c82ce7df747cbdebad2d3f9,"DE92NGSUKBR129370_Control, no depressive symptomes [postpartum sample]",DE92NGSUKBR129370,subject group: Control,time point: postpartum sample,ssri user_(yes/no): No,control
GSM8810593,https://www.ncbi.nlm.nih.gov/geo/query/acc.cgi?acc=GSM8810593&targ=self&form=text&view=full,64c9633af103dfabc74d311f48f98780f95139be2467b8b4433fe0f8c5b2cbee,"DE52NGSUKBR129120_Control, no depressive symptomes [postpartum sample]",DE52NGSUKBR129120,subject group: Control,time point: postpartum sample,ssri user_(yes/no): No,control
GSM8810596,https://www.ncbi.nlm.nih.gov/geo/query/acc.cgi?acc=GSM8810596&targ=self&form=text&view=full,1902f213cca0b539999ff139d24ba204ad996614be36dbe60e8023841d2df124,"DE17NGSUKBR129362_Control, no depressive symptomes [postpartum sample]",DE17NGSUKBR129362,subject group: Control,time point: postpartum sample,ssri user_(yes/no): No,control
GSM8810598,https://www.ncbi.nlm.nih.gov/geo/query/acc.cgi?acc=GSM8810598&targ=self&form=text&view=full,4810ddf3e2dc6f1ed4954014c61ed24497e157aaa33d7d3341b53be57712f613,"DE71NGSUKBR129360_Control, no depressive symptomes [postpartum sample]",DE71NGSUKBR129360,subject group: Control,time point: postpartum sample,ssri user_(yes/no): No,control
GSM8810599,https://www.ncbi.nlm.nih.gov/geo/query/acc.cgi?acc=GSM8810599&targ=self&form=text&view=full,25ac36851bf610aed5d2d891eaf2a38e13b4364ca7a423e64040ef4bed0c74ad,"DE30NGSUKBR129322_Control, no depressive symptomes [postpartum sample]",DE30NGSUKBR129322,subject group: Control,time point: postpartum sample,ssri user_(yes/no): No,control
GSM8810602,https://www.ncbi.nlm.nih.gov/geo/query/acc.cgi?acc=GSM8810602&targ=self&form=text&view=full,b1930905e46e36d9f579d38165ab33dadbc4e37a3a98fddb16eee3181b1bc747,DE96NGSUKBR129298_Depressive symptomes only postpartum [postpartumy sample],DE96NGSUKBR129298,subject group: Depressive symptomes only postpartum,time point: postpartumy sample,ssri user_(yes/no): No,case
