probe,case_minus_control_mean_beta,welch_p,bh_q
cg05590265_BC21,0.06123869364816792,1.450942619860113e-06,0.8579172396962812
cg24312843_BC21,0.04153850186522001,3.6358071489273097e-06,0.8579172396962812
cg02423610_TC21,0.04074714908035226,5.4227055825569435e-06,0.8579172396962812
cg08864904_BC21,0.061684314843298615,6.025965448811376e-06,0.8579172396962812
cg18277815_TC21,0.05796944494192591,7.270818246710715e-06,0.8579172396962812
cg16859236_BC21,0.04827689097611765,7.909018227627014e-06,0.8579172396962812
cg04541781_TC21,0.061654938646544255,8.456797758058052e-06,0.8579172396962812
cg16236314_BC21,0.029353305997035006,9.149866411183864e-06,0.8579172396962812
cg15997231_BC21,0.11260860483249924,1.0958505384087226e-05,0.8579172396962812
cg03319184_TC21,0.027414056355366423,1.1296900438208594e-05,0.8579172396962812
cg21791859_TC21,-0.044261122148457566,1.2008359612701231e-05,0.8579172396962812
cg26296632_BO11,-0.056414300602317086,1.2168417724747516e-05,0.8579172396962812
cg11933583_BC21,0.0301369356280331,1.2672798142929472e-05,0.8579172396962812
cg08091666_TC21,-0.01688141990877734,1.5427318656286613e-05,0.9469500620409339
cg19621076_TC21,0.06914927199350995,1.6139947061606613e-05,0.9469500620409339
cg24826444_BC21,0.019254221343126376,1.999920969767717e-05,0.9894704849525834
cg07731620_BC21,0.014605574771626134,2.9085634472423585e-05,0.9894704849525834
cg11706366_TC11,0.006729930817232659,3.0915783254706514e-05,0.9894704849525834
cg25538664_TC21,0.00820051593072569,3.247992322832351e-05,0.9894704849525834
cg03561212_TC21,0.08968808829668407,3.370034431706244e-05,0.9894704849525834
cg23828720_BC21,0.04849577549058895,3.388543109538195e-05,0.9894704849525834
cg00500027_BC21,0.04406178458133003,3.735464181899799e-05,0.9894704849525834
cg02511809_TC11,0.020775366418897268,3.798278065762698e-05,0.9894704849525834
cg02767771_BC11,-0.008322008660852899,3.928439382437663e-05,0.9894704849525834
cg14459769_BC21,0.014997497536140963,4.2524631038123246e-05,0.9894704849525834
cg16667131_TC21,-0.015836264180820736,4.3090432627543506e-05,0.9894704849525834
cg23735405_TC21,0.05491409560625071,4.743438696914645e-05,0.9894704849525834
cg10477464_BC11,0.04542677907895476,5.1328198289664826e-05,0.9894704849525834
cg15740346_BC21,0.10531258151110845,5.432377196497506e-05,0.9894704849525834
cg23167087_TC21,0.07028698716874926,5.774949457233284e-05,0.9894704849525834
