probe,difference_in_delta_beta_ppd_minus_healthy,welch_p,bh_q
cg16142867_BC21,-0.05023576145626464,1.8973999975696844e-07,0.1669841021061157
cg24312843_BC21,-0.05497072031603005,1.253843853915015e-06,0.4470906131657064
cg26754262_BC21,-0.045703281006224804,2.42910179983574e-06,0.4470906131657064
cg08737770_BC21,-0.013798216738354385,2.5307438123364117e-06,0.4470906131657064
cg25795197_TC21,0.007283838178835838,2.7550186178294434e-06,0.4470906131657064
cg00030682_TC21,-0.042482998265998564,3.7668597524628383e-06,0.4470906131657064
cg22608265_BC11,-0.030766934585933145,5.309372560359933e-06,0.4470906131657064
cg11889631_BC21,-0.012853666294577373,6.104538462448862e-06,0.4470906131657064
cg00913818_TC21,-0.0706592636154654,6.917403126339467e-06,0.4470906131657064
cg26120787_BC11,-0.042854093438912666,7.245994768467873e-06,0.4470906131657064
cg15238216_TC21,-0.06952325071384619,7.643488220642656e-06,0.4470906131657064
cg16649048_BC11,0.008521015375308139,7.823280646993894e-06,0.4470906131657064
cg19274284_TC21,-0.05980557517628158,8.246958041955528e-06,0.4470906131657064
cg26296632_BO11,0.07241180835560745,9.164531672078061e-06,0.4470906131657064
cg24203992_BC21,-0.02805167235920169,9.186344611727316e-06,0.4470906131657064
cg24988884_BC11,0.010201052204271994,9.4472883703326e-06,0.4470906131657064
cg01546857_TC21,-0.04427738129373452,9.828996942110804e-06,0.4470906131657064
cg04506666_BC21,-0.07940980147284829,9.908660868871779e-06,0.4470906131657064
cg24626790_BC21,0.030634459905239962,1.0175268444910701e-05,0.4470906131657064
cg22539014_BC21,-0.008468333919750477,1.0351835689133748e-05,0.4470906131657064
cg18087483_TC21,-0.015815311783118693,1.0885203622969787e-05,0.4470906131657064
cg17439009_TC22,0.013127046856138157,1.1176401698102352e-05,0.4470906131657064
cg10787502_TC21,-0.03020327941893551,1.3333346092699947e-05,0.510184836048272
cg23797200_BC11,-0.03937363547466688,1.5257710087058438e-05,0.5594926000373894
cg01195833_TC21,-0.05487241561203088,1.6457932727881668e-05,0.5793639975984546
cg09312679_BC21,-0.02173461185040284,1.837972289748339e-05,0.605873380894109
cg05359577_TC21,-0.013844346948086957,1.8795725732385417e-05,0.605873380894109
cg07654009_BC21,-0.05740661698976039,2.0100352778117873e-05,0.605873380894109
cg02146257_BC21,-0.012225214756153898,2.019201794858179e-05,0.605873380894109
cg18499794_TC21,-0.04077364471825687,2.1430643196179697e-05,0.605873380894109
