gsm,source_url,source_sha256,title,person_token,timepoint,diagnosis,source_name,platform_id,supplementary_file
GSM9806583,https://www.ncbi.nlm.nih.gov/geo/query/acc.cgi?acc=GSM9806583&targ=self&form=text&view=full,52db7f2bb2a86c2be4cd973a7415fed6e81613cacd77dc52ba4bbbf5b95c0307,Control1_T0,Control1,T0,healthy,whole blood,GPL33022,ftp://ftp.ncbi.nlm.nih.gov/geo/samples/GSM9806nnn/GSM9806583/suppl/GSM9806583_207899840061_R01C01_Grn.idat.gz
GSM9806584,https://www.ncbi.nlm.nih.gov/geo/query/acc.cgi?acc=GSM9806584&targ=self&form=text&view=full,0468c6aa84db65e1dd9c2aaba5911df431e4d64b19047171909650056ed71609,PPD1_T0,PPD1,T0,PPD,whole blood,GPL33022,ftp://ftp.ncbi.nlm.nih.gov/geo/samples/GSM9806nnn/GSM9806584/suppl/GSM9806584_207899840061_R02C01_Grn.idat.gz
GSM9806585,https://www.ncbi.nlm.nih.gov/geo/query/acc.cgi?acc=GSM9806585&targ=self&form=text&view=full,182d56c436a6c114bc32d4457ab8b84142a9b72bb7612b1ca9e580d26cc84c6a,Control1_T4,Control1,T4,healthy,whole blood,GPL33022,ftp://ftp.ncbi.nlm.nih.gov/geo/samples/GSM9806nnn/GSM9806585/suppl/GSM9806585_207899840061_R03C01_Grn.idat.gz
GSM9806586,https://www.ncbi.nlm.nih.gov/geo/query/acc.cgi?acc=GSM9806586&targ=self&form=text&view=full,1a548dffe5439d2240c248a5137a561d872aa6d0731e03102430d1e1b677b665,PPD1_T4,PPD1,T4,PPD,whole blood,GPL33022,ftp://ftp.ncbi.nlm.nih.gov/geo/samples/GSM9806nnn/GSM9806586/suppl/GSM9806586_207899840061_R04C01_Grn.idat.gz
GSM9806587,https://www.ncbi.nlm.nih.gov/geo/query/acc.cgi?acc=GSM9806587&targ=self&form=text&view=full,9b853645233f90371dc839996039b90bbc9b5a445422917a14d3dbd0d18c1df8,Control2_T0,Control2,T0,healthy,whole blood,GPL33022,ftp://ftp.ncbi.nlm.nih.gov/geo/samples/GSM9806nnn/GSM9806587/suppl/GSM9806587_207899840061_R05C01_Grn.idat.gz
GSM9806588,https://www.ncbi.nlm.nih.gov/geo/query/acc.cgi?acc=GSM9806588&targ=self&form=text&view=full,788082630456bc3ee9432a5a8a24103e1a5f40616cf0a86e44bf3e8094261f31,PPD2_T0,PPD2,T0,PPD,whole blood,GPL33022,ftp://ftp.ncbi.nlm.nih.gov/geo/samples/GSM9806nnn/GSM9806588/suppl/GSM9806588_207899840061_R06C01_Grn.idat.gz
GSM9806589,https://www.ncbi.nlm.nih.gov/geo/query/acc.cgi?acc=GSM9806589&targ=self&form=text&view=full,5866bb9aeee9f1812a7437908fdb7d41f0192841e6a94c86375577d7c7dc6473,Control2_T4,Control2,T4,healthy,whole blood,GPL33022,ftp://ftp.ncbi.nlm.nih.gov/geo/samples/GSM9806nnn/GSM9806589/suppl/GSM9806589_207899840061_R07C01_Grn.idat.gz
GSM9806590,https://www.ncbi.nlm.nih.gov/geo/query/acc.cgi?acc=GSM9806590&targ=self&form=text&view=full,d90e3c448098fe2782401896625642c5b5a6b9fac6ee76051adeae1fb5736909,PPD2_T4,PPD2,T4,PPD,whole blood,GPL33022,ftp://ftp.ncbi.nlm.nih.gov/geo/samples/GSM9806nnn/GSM9806590/suppl/GSM9806590_207899840061_R08C01_Grn.idat.gz
GSM9806591,https://www.ncbi.nlm.nih.gov/geo/query/acc.cgi?acc=GSM9806591&targ=self&form=text&view=full,b58c84cc8344041080790b519ebbdb5a47da3cea7946b6c848e0ecaa7348e74c,Control3_T0,Control3,T0,healthy,whole blood,GPL33022,ftp://ftp.ncbi.nlm.nih.gov/geo/samples/GSM9806nnn/GSM9806591/suppl/GSM9806591_207899840069_R01C01_Grn.idat.gz
GSM9806592,https://www.ncbi.nlm.nih.gov/geo/query/acc.cgi?acc=GSM9806592&targ=self&form=text&view=full,d691c547f3c880b08b7ccbfe579c92437627b9fce9a2dd2c36190f7488852a13,PPD4_T0,PPD4,T0,PPD,whole blood,GPL33022,ftp://ftp.ncbi.nlm.nih.gov/geo/samples/GSM9806nnn/GSM9806592/suppl/GSM9806592_207899840069_R02C01_Grn.idat.gz
GSM9806593,https://www.ncbi.nlm.nih.gov/geo/query/acc.cgi?acc=GSM9806593&targ=self&form=text&view=full,fe391e8ecd6656486f95ca0d0d0bb3ae93238f484158813654143abc396cc14f,Control3_T4,Control3,T4,healthy,whole blood,GPL33022,ftp://ftp.ncbi.nlm.nih.gov/geo/samples/GSM9806nnn/GSM9806593/suppl/GSM9806593_207899840069_R03C01_Grn.idat.gz
GSM9806594,https://www.ncbi.nlm.nih.gov/geo/query/acc.cgi?acc=GSM9806594&targ=self&form=text&view=full,23e42e3ec5eb3282c42a6ba443c319f854566b5a9e4ae22d15a5503e25841058,PPD4_T4,PPD4,T4,PPD,whole blood,GPL33022,ftp://ftp.ncbi.nlm.nih.gov/geo/samples/GSM9806nnn/GSM9806594/suppl/GSM9806594_207899840069_R04C01_Grn.idat.gz
GSM9806595,https://www.ncbi.nlm.nih.gov/geo/query/acc.cgi?acc=GSM9806595&targ=self&form=text&view=full,4b765d858ea84608bf2baa645d990100689899f8d206a871e4b3ad689c582911,Control4_T0,Control4,T0,healthy,whole blood,GPL33022,ftp://ftp.ncbi.nlm.nih.gov/geo/samples/GSM9806nnn/GSM9806595/suppl/GSM9806595_207899840069_R05C01_Grn.idat.gz
GSM9806596,https://www.ncbi.nlm.nih.gov/geo/query/acc.cgi?acc=GSM9806596&targ=self&form=text&view=full,af74c8fba0a025fac90e0d3516b0a77095b8762f4222074fe2db0b6c51a5eae1,PPD7_T0,PPD7,T0,PPD,whole blood,GPL33022,ftp://ftp.ncbi.nlm.nih.gov/geo/samples/GSM9806nnn/GSM9806596/suppl/GSM9806596_207899840069_R06C01_Grn.idat.gz
GSM9806597,https://www.ncbi.nlm.nih.gov/geo/query/acc.cgi?acc=GSM9806597&targ=self&form=text&view=full,2f690222c8b197bdcd41f38731bfb519f25214a62604417119f7c74647050f3e,Control4_T4,Control4,T4,healthy,whole blood,GPL33022,ftp://ftp.ncbi.nlm.nih.gov/geo/samples/GSM9806nnn/GSM9806597/suppl/GSM9806597_207899840069_R07C01_Grn.idat.gz
GSM9806598,https://www.ncbi.nlm.nih.gov/geo/query/acc.cgi?acc=GSM9806598&targ=self&form=text&view=full,3798f1f6c17b7b1890a8c8a6daa286905f1bada487645e62dfdb1e8fb0eef232,PPD7_T4,PPD7,T4,PPD,whole blood,GPL33022,ftp://ftp.ncbi.nlm.nih.gov/geo/samples/GSM9806nnn/GSM9806598/suppl/GSM9806598_207899840069_R08C01_Grn.idat.gz
GSM9806599,https://www.ncbi.nlm.nih.gov/geo/query/acc.cgi?acc=GSM9806599&targ=self&form=text&view=full,199506c564177030f7e68bff486417277e4e9d7ba5a03ecdd3175d107ee798b1,Control5_T0,Control5,T0,healthy,whole blood,GPL33022,ftp://ftp.ncbi.nlm.nih.gov/geo/samples/GSM9806nnn/GSM9806599/suppl/GSM9806599_207899840077_R01C01_Grn.idat.gz
GSM9806600,https://www.ncbi.nlm.nih.gov/geo/query/acc.cgi?acc=GSM9806600&targ=self&form=text&view=full,82de1f573619fad28ab0da62fb4efcd5f283e95ff641b744eaabbdcc12e3837a,PPD8_T0,PPD8,T0,PPD,whole blood,GPL33022,ftp://ftp.ncbi.nlm.nih.gov/geo/samples/GSM9806nnn/GSM9806600/suppl/GSM9806600_207899840077_R02C01_Grn.idat.gz
GSM9806601,https://www.ncbi.nlm.nih.gov/geo/query/acc.cgi?acc=GSM9806601&targ=self&form=text&view=full,4236eb9250045a2db8f71bafe24ac9162ab94a1412ba2ceef563df7771648c8f,Control5_T4,Control5,T4,healthy,whole blood,GPL33022,ftp://ftp.ncbi.nlm.nih.gov/geo/samples/GSM9806nnn/GSM9806601/suppl/GSM9806601_207899840077_R03C01_Grn.idat.gz
GSM9806602,https://www.ncbi.nlm.nih.gov/geo/query/acc.cgi?acc=GSM9806602&targ=self&form=text&view=full,a48fe6f9c3d94d8388b06626eae71b483c1f194bc293403d0a1029d0abdaf258,PPD8_T4,PPD8,T4,PPD,whole blood,GPL33022,ftp://ftp.ncbi.nlm.nih.gov/geo/samples/GSM9806nnn/GSM9806602/suppl/GSM9806602_207899840077_R04C01_Grn.idat.gz
GSM9806603,https://www.ncbi.nlm.nih.gov/geo/query/acc.cgi?acc=GSM9806603&targ=self&form=text&view=full,6e7d7e319984f257f11c79740ea0c1e926f50c025ee3f61cc192177ba0df2b6a,Control6_T0,Control6,T0,healthy,whole blood,GPL33022,ftp://ftp.ncbi.nlm.nih.gov/geo/samples/GSM9806nnn/GSM9806603/suppl/GSM9806603_207899840077_R05C01_Grn.idat.gz
GSM9806604,https://www.ncbi.nlm.nih.gov/geo/query/acc.cgi?acc=GSM9806604&targ=self&form=text&view=full,eecdf8884429d97a0874ecc3ef1e58cd9a49c8d59c16dc1eb6cff66af4b7eb78,PPD10_T0,PPD10,T0,PPD,whole blood,GPL33022,ftp://ftp.ncbi.nlm.nih.gov/geo/samples/GSM9806nnn/GSM9806604/suppl/GSM9806604_207899840077_R06C01_Grn.idat.gz
GSM9806605,https://www.ncbi.nlm.nih.gov/geo/query/acc.cgi?acc=GSM9806605&targ=self&form=text&view=full,9111f67b0d01fd1d259e525f5ad2c8fc6640dfdb64aaba91620591ca2db24337,Control6_T4,Control6,T4,healthy,whole blood,GPL33022,ftp://ftp.ncbi.nlm.nih.gov/geo/samples/GSM9806nnn/GSM9806605/suppl/GSM9806605_207899840077_R07C01_Grn.idat.gz
GSM9806606,https://www.ncbi.nlm.nih.gov/geo/query/acc.cgi?acc=GSM9806606&targ=self&form=text&view=full,c9afec6f48b3b0b10e47f2d713c21c83d0846b511d1edd082df174b306937400,PPD10_T4,PPD10,T4,PPD,whole blood,GPL33022,ftp://ftp.ncbi.nlm.nih.gov/geo/samples/GSM9806nnn/GSM9806606/suppl/GSM9806606_207899840077_R08C01_Grn.idat.gz
GSM9806607,https://www.ncbi.nlm.nih.gov/geo/query/acc.cgi?acc=GSM9806607&targ=self&form=text&view=full,f81980756cf5bad74eaa95337e33602d6e1e268706ec59701fa8006302e60ea8,Control7_T0,Control7,T0,healthy,whole blood,GPL33022,ftp://ftp.ncbi.nlm.nih.gov/geo/samples/GSM9806nnn/GSM9806607/suppl/GSM9806607_207899840082_R01C01_Grn.idat.gz
GSM9806608,https://www.ncbi.nlm.nih.gov/geo/query/acc.cgi?acc=GSM9806608&targ=self&form=text&view=full,8c73f0f96d1676509a2264cae9715d76966876d6666155b748731b32e8d3d377,PPD11_T0,PPD11,T0,PPD,whole blood,GPL33022,ftp://ftp.ncbi.nlm.nih.gov/geo/samples/GSM9806nnn/GSM9806608/suppl/GSM9806608_207899840082_R02C01_Grn.idat.gz
GSM9806609,https://www.ncbi.nlm.nih.gov/geo/query/acc.cgi?acc=GSM9806609&targ=self&form=text&view=full,e41e59bb282c6584d94bdd544a5c2a9431193687198d1992525d6809155dcb1b,Control7_T4,Control7,T4,healthy,whole blood,GPL33022,ftp://ftp.ncbi.nlm.nih.gov/geo/samples/GSM9806nnn/GSM9806609/suppl/GSM9806609_207899840082_R03C01_Grn.idat.gz
GSM9806610,https://www.ncbi.nlm.nih.gov/geo/query/acc.cgi?acc=GSM9806610&targ=self&form=text&view=full,48bd3445e25d178de718b85c20131db2971b2cc9f62c9f1ff9d90b7b82ab30a2,PPD11_T4,PPD11,T4,PPD,whole blood,GPL33022,ftp://ftp.ncbi.nlm.nih.gov/geo/samples/GSM9806nnn/GSM9806610/suppl/GSM9806610_207899840082_R04C01_Grn.idat.gz
GSM9806611,https://www.ncbi.nlm.nih.gov/geo/query/acc.cgi?acc=GSM9806611&targ=self&form=text&view=full,085da0edf10b88271ab4af1a7c1e1309f64e79e956bf2a2d19633defd5abc915,Control8_T0,Control8,T0,healthy,whole blood,GPL33022,ftp://ftp.ncbi.nlm.nih.gov/geo/samples/GSM9806nnn/GSM9806611/suppl/GSM9806611_207899840082_R05C01_Grn.idat.gz
GSM9806612,https://www.ncbi.nlm.nih.gov/geo/query/acc.cgi?acc=GSM9806612&targ=self&form=text&view=full,8890820e8d8f0fa92da44abd7ab8b5a5a137f45e832d87336d947bdf116bcdc2,PPD12_T0,PPD12,T0,PPD,whole blood,GPL33022,ftp://ftp.ncbi.nlm.nih.gov/geo/samples/GSM9806nnn/GSM9806612/suppl/GSM9806612_207899840082_R06C01_Grn.idat.gz
GSM9806613,https://www.ncbi.nlm.nih.gov/geo/query/acc.cgi?acc=GSM9806613&targ=self&form=text&view=full,7f5dd42bd8b329537277da6368e36f1bb41a1e8c0ac96251b90b77cbb010ed1e,Control8_T4,Control8,T4,healthy,whole blood,GPL33022,ftp://ftp.ncbi.nlm.nih.gov/geo/samples/GSM9806nnn/GSM9806613/suppl/GSM9806613_207899840082_R07C01_Grn.idat.gz
GSM9806614,https://www.ncbi.nlm.nih.gov/geo/query/acc.cgi?acc=GSM9806614&targ=self&form=text&view=full,4ffbc083fc56afae61575babd5267f471e9558fbf4624b5fe963c67de158bfc0,PPD12_T4,PPD12,T4,PPD,whole blood,GPL33022,ftp://ftp.ncbi.nlm.nih.gov/geo/samples/GSM9806nnn/GSM9806614/suppl/GSM9806614_207899840082_R08C01_Grn.idat.gz
GSM9806615,https://www.ncbi.nlm.nih.gov/geo/query/acc.cgi?acc=GSM9806615&targ=self&form=text&view=full,0f5330d5d6a39dea682b2302606ff31620363275a96c52c09cc1402829b8959c,Control9_T0,Control9,T0,healthy,whole blood,GPL33022,ftp://ftp.ncbi.nlm.nih.gov/geo/samples/GSM9806nnn/GSM9806615/suppl/GSM9806615_207962640025_R01C01_Grn.idat.gz
GSM9806616,https://www.ncbi.nlm.nih.gov/geo/query/acc.cgi?acc=GSM9806616&targ=self&form=text&view=full,9656e080ac93cd40bff32726c4cb52edc4ce6d3da85c03f29eae464264358210,PPD13_T0,PPD13,T0,PPD,whole blood,GPL33022,ftp://ftp.ncbi.nlm.nih.gov/geo/samples/GSM9806nnn/GSM9806616/suppl/GSM9806616_207962640025_R02C01_Grn.idat.gz
GSM9806617,https://www.ncbi.nlm.nih.gov/geo/query/acc.cgi?acc=GSM9806617&targ=self&form=text&view=full,d24ae9014c7ca09dec21eac5881237e93067392996c3f6617aa1309e9ba5ce70,Control9_T4,Control9,T4,healthy,whole blood,GPL33022,ftp://ftp.ncbi.nlm.nih.gov/geo/samples/GSM9806nnn/GSM9806617/suppl/GSM9806617_207962640025_R03C01_Grn.idat.gz
GSM9806618,https://www.ncbi.nlm.nih.gov/geo/query/acc.cgi?acc=GSM9806618&targ=self&form=text&view=full,862d46affa5d8697e3cba0df3715578050632b97272c4ade7ecdc76c142c1b2d,PPD13_T4,PPD13,T4,PPD,whole blood,GPL33022,ftp://ftp.ncbi.nlm.nih.gov/geo/samples/GSM9806nnn/GSM9806618/suppl/GSM9806618_207962640025_R04C01_Grn.idat.gz
GSM9806619,https://www.ncbi.nlm.nih.gov/geo/query/acc.cgi?acc=GSM9806619&targ=self&form=text&view=full,d5b41e8d4b237cd126e0c013f499ddd09c0d3b34f663983c9e28fdae9e5ee170,Control10_T0,Control10,T0,healthy,whole blood,GPL33022,ftp://ftp.ncbi.nlm.nih.gov/geo/samples/GSM9806nnn/GSM9806619/suppl/GSM9806619_207962640025_R05C01_Grn.idat.gz
GSM9806620,https://www.ncbi.nlm.nih.gov/geo/query/acc.cgi?acc=GSM9806620&targ=self&form=text&view=full,3fb90e55eb77bbf270656d7179b7a4b6e4433e8e59502352b2ba4fb647c58da0,PPD14_T0,PPD14,T0,PPD,whole blood,GPL33022,ftp://ftp.ncbi.nlm.nih.gov/geo/samples/GSM9806nnn/GSM9806620/suppl/GSM9806620_207962640025_R06C01_Grn.idat.gz
GSM9806621,https://www.ncbi.nlm.nih.gov/geo/query/acc.cgi?acc=GSM9806621&targ=self&form=text&view=full,50ef463abd838e4d56a6fd3156cba852c712830a958a85f5aad4fad933c01ee2,Control10_T4,Control10,T4,healthy,whole blood,GPL33022,ftp://ftp.ncbi.nlm.nih.gov/geo/samples/GSM9806nnn/GSM9806621/suppl/GSM9806621_207962640025_R07C01_Grn.idat.gz
GSM9806622,https://www.ncbi.nlm.nih.gov/geo/query/acc.cgi?acc=GSM9806622&targ=self&form=text&view=full,244b27968786b835f59d0cea2475862330e6cf540906fc8605dd854f05ce0b57,PPD14_T4,PPD14,T4,PPD,whole blood,GPL33022,ftp://ftp.ncbi.nlm.nih.gov/geo/samples/GSM9806nnn/GSM9806622/suppl/GSM9806622_207962640025_R08C01_Grn.idat.gz
GSM9806623,https://www.ncbi.nlm.nih.gov/geo/query/acc.cgi?acc=GSM9806623&targ=self&form=text&view=full,a419b93cb378ccdc2c1bd27c4109cfb145d10e904ae2edd47658a05702056123,Control11_T0,Control11,T0,healthy,whole blood,GPL33022,ftp://ftp.ncbi.nlm.nih.gov/geo/samples/GSM9806nnn/GSM9806623/suppl/GSM9806623_207962640047_R01C01_Grn.idat.gz
GSM9806624,https://www.ncbi.nlm.nih.gov/geo/query/acc.cgi?acc=GSM9806624&targ=self&form=text&view=full,456f56f9dfa76794a21c34ea1f993443ea8c2b93f7a6bb76d156b28bb3894d43,PPD15_T0,PPD15,T0,PPD,whole blood,GPL33022,ftp://ftp.ncbi.nlm.nih.gov/geo/samples/GSM9806nnn/GSM9806624/suppl/GSM9806624_207962640047_R02C01_Grn.idat.gz
GSM9806625,https://www.ncbi.nlm.nih.gov/geo/query/acc.cgi?acc=GSM9806625&targ=self&form=text&view=full,7547041d462f8b2b77c640a39f696f894a12b5ccc3069226f847711cfe8cd451,Control11_T4,Control11,T4,healthy,whole blood,GPL33022,ftp://ftp.ncbi.nlm.nih.gov/geo/samples/GSM9806nnn/GSM9806625/suppl/GSM9806625_207962640047_R03C01_Grn.idat.gz
GSM9806626,https://www.ncbi.nlm.nih.gov/geo/query/acc.cgi?acc=GSM9806626&targ=self&form=text&view=full,fbd77cedc95da5cc1628e6ffad0e48c0074f47f5fd664e8368c6dbff40f0ec02,PPD15_T4,PPD15,T4,PPD,whole blood,GPL33022,ftp://ftp.ncbi.nlm.nih.gov/geo/samples/GSM9806nnn/GSM9806626/suppl/GSM9806626_207962640047_R04C01_Grn.idat.gz
GSM9806627,https://www.ncbi.nlm.nih.gov/geo/query/acc.cgi?acc=GSM9806627&targ=self&form=text&view=full,0f4084f10d9af08b74c95e3db4f7c90bd1ba6b844e76aefb56d9119bfac9e329,Control14_T0,Control14,T0,healthy,whole blood,GPL33022,ftp://ftp.ncbi.nlm.nih.gov/geo/samples/GSM9806nnn/GSM9806627/suppl/GSM9806627_207962640047_R05C01_Grn.idat.gz
GSM9806628,https://www.ncbi.nlm.nih.gov/geo/query/acc.cgi?acc=GSM9806628&targ=self&form=text&view=full,d00b5d202743bc582e056b264551e2bebb787a4e67fc5259bd3b57bc5facb576,PPD16_T0,PPD16,T0,PPD,whole blood,GPL33022,ftp://ftp.ncbi.nlm.nih.gov/geo/samples/GSM9806nnn/GSM9806628/suppl/GSM9806628_207962640047_R06C01_Grn.idat.gz
GSM9806629,https://www.ncbi.nlm.nih.gov/geo/query/acc.cgi?acc=GSM9806629&targ=self&form=text&view=full,f4e1047108d0ce259c5cbd3c8746bcb8649379967ff01f161f2e7fe75cddaca5,Control14_T4,Control14,T4,healthy,whole blood,GPL33022,ftp://ftp.ncbi.nlm.nih.gov/geo/samples/GSM9806nnn/GSM9806629/suppl/GSM9806629_207962640047_R07C01_Grn.idat.gz
GSM9806630,https://www.ncbi.nlm.nih.gov/geo/query/acc.cgi?acc=GSM9806630&targ=self&form=text&view=full,4c0c3171434d1424c7adae7fe090bc343b5913887454a482459c1d2d558ac6fa,PPD16_T4,PPD16,T4,PPD,whole blood,GPL33022,ftp://ftp.ncbi.nlm.nih.gov/geo/samples/GSM9806nnn/GSM9806630/suppl/GSM9806630_207962640047_R08C01_Grn.idat.gz
GSM9806631,https://www.ncbi.nlm.nih.gov/geo/query/acc.cgi?acc=GSM9806631&targ=self&form=text&view=full,bf6948fd03f5cea0bb3b48d0c55047380f5fce9c46086b78adad4be2cd2cad4f,Control16_T0,Control16,T0,healthy,whole blood,GPL33022,ftp://ftp.ncbi.nlm.nih.gov/geo/samples/GSM9806nnn/GSM9806631/suppl/GSM9806631_207962640048_R01C01_Grn.idat.gz
GSM9806632,https://www.ncbi.nlm.nih.gov/geo/query/acc.cgi?acc=GSM9806632&targ=self&form=text&view=full,46ae3d1bc9b8bc7377c8ac03cbd1ce0ba3f0b610c9f0747832fac1930aab4823,PPD17_T0,PPD17,T0,PPD,whole blood,GPL33022,ftp://ftp.ncbi.nlm.nih.gov/geo/samples/GSM9806nnn/GSM9806632/suppl/GSM9806632_207962640048_R02C01_Grn.idat.gz
GSM9806633,https://www.ncbi.nlm.nih.gov/geo/query/acc.cgi?acc=GSM9806633&targ=self&form=text&view=full,3de538342667dab4ae90fa0779441b4587347b3ffbff8e9f61c8be9fa2be14b7,Control16_T4,Control16,T4,healthy,whole blood,GPL33022,ftp://ftp.ncbi.nlm.nih.gov/geo/samples/GSM9806nnn/GSM9806633/suppl/GSM9806633_207962640048_R03C01_Grn.idat.gz
GSM9806634,https://www.ncbi.nlm.nih.gov/geo/query/acc.cgi?acc=GSM9806634&targ=self&form=text&view=full,138570b808ad1d8ddfed06a86e7adfb55f03d739f492c509a65adb0caabda955,PPD17_T4,PPD17,T4,PPD,whole blood,GPL33022,ftp://ftp.ncbi.nlm.nih.gov/geo/samples/GSM9806nnn/GSM9806634/suppl/GSM9806634_207962640048_R04C01_Grn.idat.gz
GSM9806635,https://www.ncbi.nlm.nih.gov/geo/query/acc.cgi?acc=GSM9806635&targ=self&form=text&view=full,48cb5bcfc4c0ca7d830b09154503f34d796511ad6da3cfe409f0947b7f2e52bb,Control17_T0,Control17,T0,healthy,whole blood,GPL33022,ftp://ftp.ncbi.nlm.nih.gov/geo/samples/GSM9806nnn/GSM9806635/suppl/GSM9806635_207962640048_R05C01_Grn.idat.gz
GSM9806636,https://www.ncbi.nlm.nih.gov/geo/query/acc.cgi?acc=GSM9806636&targ=self&form=text&view=full,385106ef904e8187c1e913368be0b269d04bc70482fda882d913a2b4907c9b68,PPD3_T0,PPD3,T0,PPD,whole blood,GPL33022,ftp://ftp.ncbi.nlm.nih.gov/geo/samples/GSM9806nnn/GSM9806636/suppl/GSM9806636_207962640048_R06C01_Grn.idat.gz
GSM9806637,https://www.ncbi.nlm.nih.gov/geo/query/acc.cgi?acc=GSM9806637&targ=self&form=text&view=full,4fbf3f96dcaccab6d5b231bff6aaf65636ff8663690fe031943aa526eaed0860,Control17_T4,Control17,T4,healthy,whole blood,GPL33022,ftp://ftp.ncbi.nlm.nih.gov/geo/samples/GSM9806nnn/GSM9806637/suppl/GSM9806637_207962640048_R07C01_Grn.idat.gz
GSM9806638,https://www.ncbi.nlm.nih.gov/geo/query/acc.cgi?acc=GSM9806638&targ=self&form=text&view=full,405e9c726730a40bade62ad2116b3eaee9eeec5a311506ef8dd1ca7fc8b6328e,PPD3_T4,PPD3,T4,PPD,whole blood,GPL33022,ftp://ftp.ncbi.nlm.nih.gov/geo/samples/GSM9806nnn/GSM9806638/suppl/GSM9806638_207962640048_R08C01_Grn.idat.gz
GSM9806639,https://www.ncbi.nlm.nih.gov/geo/query/acc.cgi?acc=GSM9806639&targ=self&form=text&view=full,3350da1360d5dfbce8b1ca16b3844589b78f232ed29250eb9411a8cde1e79f72,Control18_T0,Control18,T0,healthy,whole blood,GPL33022,ftp://ftp.ncbi.nlm.nih.gov/geo/samples/GSM9806nnn/GSM9806639/suppl/GSM9806639_207962640101_R01C01_Grn.idat.gz
GSM9806640,https://www.ncbi.nlm.nih.gov/geo/query/acc.cgi?acc=GSM9806640&targ=self&form=text&view=full,119f0b57869933d455724e46fdfe7c5279beb91d8b24cba748ad6cdd7e388222,PPD5_T0,PPD5,T0,PPD,whole blood,GPL33022,ftp://ftp.ncbi.nlm.nih.gov/geo/samples/GSM9806nnn/GSM9806640/suppl/GSM9806640_207962640101_R02C01_Grn.idat.gz
GSM9806641,https://www.ncbi.nlm.nih.gov/geo/query/acc.cgi?acc=GSM9806641&targ=self&form=text&view=full,259ab2a7a98784de4cd9c83be80c9a9700f1d12ed025c8f03e069c81f14e4a23,Control18_T4,Control18,T4,healthy,whole blood,GPL33022,ftp://ftp.ncbi.nlm.nih.gov/geo/samples/GSM9806nnn/GSM9806641/suppl/GSM9806641_207962640101_R03C01_Grn.idat.gz
GSM9806642,https://www.ncbi.nlm.nih.gov/geo/query/acc.cgi?acc=GSM9806642&targ=self&form=text&view=full,29febab3ed1508631732cd417f8b0d448c922bff655a8ebc8ae4edec4fb2d284,PPD5_T4,PPD5,T4,PPD,whole blood,GPL33022,ftp://ftp.ncbi.nlm.nih.gov/geo/samples/GSM9806nnn/GSM9806642/suppl/GSM9806642_207962640101_R04C01_Grn.idat.gz
GSM9806643,https://www.ncbi.nlm.nih.gov/geo/query/acc.cgi?acc=GSM9806643&targ=self&form=text&view=full,ae7cefba133090164441bb2fc9aa9412ad3b3f823a695a5b7eea004f045cdb1f,Control20_T0,Control20,T0,healthy,whole blood,GPL33022,ftp://ftp.ncbi.nlm.nih.gov/geo/samples/GSM9806nnn/GSM9806643/suppl/GSM9806643_207962640101_R05C01_Grn.idat.gz
GSM9806644,https://www.ncbi.nlm.nih.gov/geo/query/acc.cgi?acc=GSM9806644&targ=self&form=text&view=full,57e7778c2c0d6b212a9c37c89e415c628aaa0ee8460739824d3011bcf28b5f0f,PPD6_T0,PPD6,T0,PPD,whole blood,GPL33022,ftp://ftp.ncbi.nlm.nih.gov/geo/samples/GSM9806nnn/GSM9806644/suppl/GSM9806644_207962640101_R06C01_Grn.idat.gz
GSM9806645,https://www.ncbi.nlm.nih.gov/geo/query/acc.cgi?acc=GSM9806645&targ=self&form=text&view=full,a887f7eb7c8dec190701c05f8aef89a64357c0f9d11256badea9dae4033d670d,Control20_T4,Control20,T4,healthy,whole blood,GPL33022,ftp://ftp.ncbi.nlm.nih.gov/geo/samples/GSM9806nnn/GSM9806645/suppl/GSM9806645_207962640101_R07C01_Grn.idat.gz
GSM9806646,https://www.ncbi.nlm.nih.gov/geo/query/acc.cgi?acc=GSM9806646&targ=self&form=text&view=full,8353692912f662d0a3d9a72386c67216fd53f4be04d8a504134fe7341d7a76c1,PPD6_T4,PPD6,T4,PPD,whole blood,GPL33022,ftp://ftp.ncbi.nlm.nih.gov/geo/samples/GSM9806nnn/GSM9806646/suppl/GSM9806646_207962640101_R08C01_Grn.idat.gz
GSM9806647,https://www.ncbi.nlm.nih.gov/geo/query/acc.cgi?acc=GSM9806647&targ=self&form=text&view=full,aba37cf1e2bb61fe5a77f1cd20c2d3cbaed6303ccad21e20c4aa30fd55f07c74,Control19_T4,Control19,T4,healthy,whole blood,GPL33022,ftp://ftp.ncbi.nlm.nih.gov/geo/samples/GSM9806nnn/GSM9806647/suppl/GSM9806647_208790230050_R03C01_Grn.idat.gz
GSM9806648,https://www.ncbi.nlm.nih.gov/geo/query/acc.cgi?acc=GSM9806648&targ=self&form=text&view=full,e5999c8bc0b7c77400925b17b9562cf8e2416793223354679a8179bae47f9f4e,Control15_T4,Control15,T4,healthy,whole blood,GPL33022,ftp://ftp.ncbi.nlm.nih.gov/geo/samples/GSM9806nnn/GSM9806648/suppl/GSM9806648_208790230050_R04C01_Grn.idat.gz
GSM9806649,https://www.ncbi.nlm.nih.gov/geo/query/acc.cgi?acc=GSM9806649&targ=self&form=text&view=full,76bf9a6e7d9e2f1ed7bbe471fadc46f3caaee5695dfbed684683ad0fa5edbf4e,Control22_T4,Control22,T4,healthy,whole blood,GPL33022,ftp://ftp.ncbi.nlm.nih.gov/geo/samples/GSM9806nnn/GSM9806649/suppl/GSM9806649_208790230053_R04C01_Grn.idat.gz
GSM9806650,https://www.ncbi.nlm.nih.gov/geo/query/acc.cgi?acc=GSM9806650&targ=self&form=text&view=full,9356ea897dfc64be5ed246ce899422ed9b47dc47110c7e43fda503b1f9042045,Control12_T4,Control12,T4,healthy,whole blood,GPL33022,ftp://ftp.ncbi.nlm.nih.gov/geo/samples/GSM9806nnn/GSM9806650/suppl/GSM9806650_208790230053_R05C01_Grn.idat.gz
GSM9806651,https://www.ncbi.nlm.nih.gov/geo/query/acc.cgi?acc=GSM9806651&targ=self&form=text&view=full,9088dcff30b712ff982a13df1a1e9ca59762934c09bc7536e9084a4176140629,Control23_T4,Control23,T4,healthy,whole blood,GPL33022,ftp://ftp.ncbi.nlm.nih.gov/geo/samples/GSM9806nnn/GSM9806651/suppl/GSM9806651_208790230062_R05C01_Grn.idat.gz
GSM9806652,https://www.ncbi.nlm.nih.gov/geo/query/acc.cgi?acc=GSM9806652&targ=self&form=text&view=full,97487dc9faf29119e0ab0a4e01c8287c4c4f0520006548bbdb754fa4705ecb62,Control13_T4,Control13,T4,healthy,whole blood,GPL33022,ftp://ftp.ncbi.nlm.nih.gov/geo/samples/GSM9806nnn/GSM9806652/suppl/GSM9806652_208790230073_R03C01_Grn.idat.gz
GSM9806653,https://www.ncbi.nlm.nih.gov/geo/query/acc.cgi?acc=GSM9806653&targ=self&form=text&view=full,dad154812126c7ac4dfd30d56fb9983ea6134a780fbf5832c45ed558153039c5,Control15_T0,Control15,T0,healthy,whole blood,GPL33022,ftp://ftp.ncbi.nlm.nih.gov/geo/samples/GSM9806nnn/GSM9806653/suppl/GSM9806653_208790230074_R03C01_Grn.idat.gz
GSM9806654,https://www.ncbi.nlm.nih.gov/geo/query/acc.cgi?acc=GSM9806654&targ=self&form=text&view=full,9f5c81e44e1f07b7b651f3ad00bf25fb6c3853a5a949fba0e4aea88b1262d29d,Control19_T0,Control19,T0,healthy,whole blood,GPL33022,ftp://ftp.ncbi.nlm.nih.gov/geo/samples/GSM9806nnn/GSM9806654/suppl/GSM9806654_208790230074_R06C01_Grn.idat.gz
GSM9806655,https://www.ncbi.nlm.nih.gov/geo/query/acc.cgi?acc=GSM9806655&targ=self&form=text&view=full,2a88574086c51aedf0b5276f4f28125a399b59ee07319e50f2dc2111328ea6f2,Control13_T0,Control13,T0,healthy,whole blood,GPL33022,ftp://ftp.ncbi.nlm.nih.gov/geo/samples/GSM9806nnn/GSM9806655/suppl/GSM9806655_208790230080_R02C01_Grn.idat.gz
GSM9806656,https://www.ncbi.nlm.nih.gov/geo/query/acc.cgi?acc=GSM9806656&targ=self&form=text&view=full,5b47086f5df906081d2480fe3ddb3392e59607307b365010fe121c0f13202357,Control12_T0,Control12,T0,healthy,whole blood,GPL33022,ftp://ftp.ncbi.nlm.nih.gov/geo/samples/GSM9806nnn/GSM9806656/suppl/GSM9806656_208790230080_R04C01_Grn.idat.gz
GSM9806657,https://www.ncbi.nlm.nih.gov/geo/query/acc.cgi?acc=GSM9806657&targ=self&form=text&view=full,096605ab1708fa3bf2e80a3917ede56df85273b940951a0918e25073e56557ec,Control22_T0,Control22,T0,healthy,whole blood,GPL33022,ftp://ftp.ncbi.nlm.nih.gov/geo/samples/GSM9806nnn/GSM9806657/suppl/GSM9806657_208790230080_R07C01_Grn.idat.gz
GSM9806658,https://www.ncbi.nlm.nih.gov/geo/query/acc.cgi?acc=GSM9806658&targ=self&form=text&view=full,d5d7ef59997dba043b5228dff9eb173944e6bbe8681367ef29c81057d35c9b02,Control23_T0,Control23,T0,healthy,whole blood,GPL33022,ftp://ftp.ncbi.nlm.nih.gov/geo/samples/GSM9806nnn/GSM9806658/suppl/GSM9806658_208790230080_R08C01_Grn.idat.gz
GSM9806659,https://www.ncbi.nlm.nih.gov/geo/query/acc.cgi?acc=GSM9806659&targ=self&form=text&view=full,03415a89777e1563a06d96efe44123049f3bfbd503a493d1df84f972d420d703,Control21_T0,Control21,T0,healthy,whole blood,GPL33022,ftp://ftp.ncbi.nlm.nih.gov/geo/samples/GSM9806nnn/GSM9806659/suppl/GSM9806659_208824430169_R02C01_Grn.idat.gz
GSM9806660,https://www.ncbi.nlm.nih.gov/geo/query/acc.cgi?acc=GSM9806660&targ=self&form=text&view=full,16ba09b6e9c8b05a36c5f8cfd2fb16514ef1fbf77df96f4c2e71cbe45c2dd9b1,PPD9_T0,PPD9,T0,PPD,whole blood,GPL33022,ftp://ftp.ncbi.nlm.nih.gov/geo/samples/GSM9806nnn/GSM9806660/suppl/GSM9806660_208824430169_R03C01_Grn.idat.gz
GSM9806661,https://www.ncbi.nlm.nih.gov/geo/query/acc.cgi?acc=GSM9806661&targ=self&form=text&view=full,bddd04b5928d98f038b47b2427a72b3a2a64ead5439354eb4b7c4862442297dc,Control21_T4,Control21,T4,healthy,whole blood,GPL33022,ftp://ftp.ncbi.nlm.nih.gov/geo/samples/GSM9806nnn/GSM9806661/suppl/GSM9806661_208824430169_R04C01_Grn.idat.gz
GSM9806662,https://www.ncbi.nlm.nih.gov/geo/query/acc.cgi?acc=GSM9806662&targ=self&form=text&view=full,fceb2dc926d0251ba09c1d4172dbfe919fc945506be96a822e6ae7985f658e51,PPD9_T4,PPD9,T4,PPD,whole blood,GPL33022,ftp://ftp.ncbi.nlm.nih.gov/geo/samples/GSM9806nnn/GSM9806662/suppl/GSM9806662_208824430169_R05C01_Grn.idat.gz
GSM9806663,https://www.ncbi.nlm.nih.gov/geo/query/acc.cgi?acc=GSM9806663&targ=self&form=text&view=full,ed7f47b37ded7d3ad8651ad06afb557017b4640c02d00cf38e342f496d887099,Control24_T0,Control24,T0,healthy,whole blood,GPL33022,ftp://ftp.ncbi.nlm.nih.gov/geo/samples/GSM9806nnn/GSM9806663/suppl/GSM9806663_208824430169_R06C01_Grn.idat.gz
GSM9806664,https://www.ncbi.nlm.nih.gov/geo/query/acc.cgi?acc=GSM9806664&targ=self&form=text&view=full,fdf4fe15f1a809dc12fd240c8bcf62072c515505d395a4977c3a8dc7c9693a2a,Control24_T4,Control24,T4,healthy,whole blood,GPL33022,ftp://ftp.ncbi.nlm.nih.gov/geo/samples/GSM9806nnn/GSM9806664/suppl/GSM9806664_208824430169_R07C01_Grn.idat.gz
