accession,source,record_unit,modality,patient_token,timepoint,phenotype,matrix_use,independent_person,analytic_sample,source_url,sha256
GSE44132,GSE44132,GEO series accession,DNA methylation array,,,,series metadata and matrix provenance,no,no,https://www.ncbi.nlm.nih.gov/geo/query/acc.cgi?acc=GSE44132&targ=self&form=text&view=full,15976baca30d7e8343cd80b00b7667ed31d4f4f1f44b42bcefeff917348fd653
GSM1079474,GSE44132,GEO sample accession nested within GSE44132,DNA methylation array,PR01-009,antenatal draw,no,antenatal person-level exploratory test,yes in selected analysis,yes,https://www.ncbi.nlm.nih.gov/geo/query/acc.cgi?acc=GSM1079474&targ=self&form=text&view=quick,d9fb3bc64beb844108dfdd11a8c7cf990cbe574bb1caf03e2449a68a7646624e
GSM1079475,GSE44132,GEO sample accession nested within GSE44132,DNA methylation array,PR01-069,antenatal draw,yes,antenatal person-level exploratory test,yes in selected analysis,yes,https://www.ncbi.nlm.nih.gov/geo/query/acc.cgi?acc=GSM1079475&targ=self&form=text&view=quick,6531f0f03b28a5ad79adf3c3038a4b34a1c83478b879cd4dc756b0c3cb12d82e
GSM1079476,GSE44132,GEO sample accession nested within GSE44132,DNA methylation array,PR01-021,antenatal draw,yes,antenatal person-level exploratory test,yes in selected analysis,yes,https://www.ncbi.nlm.nih.gov/geo/query/acc.cgi?acc=GSM1079476&targ=self&form=text&view=quick,c9d054ea25d3552bf76f8b7eb994fc09f00461e0ed73e5f29880a50e5006c854
GSM1079477,GSE44132,GEO sample accession nested within GSE44132,DNA methylation array,PR01-011,antenatal draw,yes,antenatal person-level exploratory test,yes in selected analysis,yes,https://www.ncbi.nlm.nih.gov/geo/query/acc.cgi?acc=GSM1079477&targ=self&form=text&view=quick,d54dcff2e8dd1642246597cf782c65603a6a258121964e966d7e12bcdbcc7275
GSM1079478,GSE44132,GEO sample accession nested within GSE44132,DNA methylation array,PR01-019,antenatal draw,no,antenatal person-level exploratory test,yes in selected analysis,yes,https://www.ncbi.nlm.nih.gov/geo/query/acc.cgi?acc=GSM1079478&targ=self&form=text&view=quick,b4e0cfa02af916ae368b0cad6c41d2674d49b078b6f864bbe3ed2846c4781792
GSM1079479,GSE44132,GEO sample accession nested within GSE44132,DNA methylation array,PR01-020,antenatal draw,yes,antenatal person-level exploratory test,yes in selected analysis,yes,https://www.ncbi.nlm.nih.gov/geo/query/acc.cgi?acc=GSM1079479&targ=self&form=text&view=quick,46e98528363d1feab9440fa48c0d24c91acfca2b95ade135cb8aa6be5251715a
GSM1079480,GSE44132,GEO sample accession nested within GSE44132,DNA methylation array,PR01-016,antenatal draw,no,antenatal person-level exploratory test,yes in selected analysis,yes,https://www.ncbi.nlm.nih.gov/geo/query/acc.cgi?acc=GSM1079480&targ=self&form=text&view=quick,dfa5c86e57ef4d544a7c047c5efd5695b261f812c3d07a1c4235320061c8268c
GSM1079481,GSE44132,GEO sample accession nested within GSE44132,DNA methylation array,PR01-025,antenatal draw,no,antenatal person-level exploratory test,yes in selected analysis,yes,https://www.ncbi.nlm.nih.gov/geo/query/acc.cgi?acc=GSM1079481&targ=self&form=text&view=quick,305f99bbb360965fbacfef455d4ec2273b64702dcf876f4d723d945cfb541c8a
GSM1079482,GSE44132,GEO sample accession nested within GSE44132,DNA methylation array,PR01-017,antenatal draw,no,antenatal person-level exploratory test,yes in selected analysis,yes,https://www.ncbi.nlm.nih.gov/geo/query/acc.cgi?acc=GSM1079482&targ=self&form=text&view=quick,03ad69e0590a56ddca148fbc30f9500aaac48927ac6c7117ef2fe73effed0047
GSM1079483,GSE44132,GEO sample accession nested within GSE44132,DNA methylation array,PR01-054,antenatal draw,no,antenatal person-level exploratory test,yes in selected analysis,yes,https://www.ncbi.nlm.nih.gov/geo/query/acc.cgi?acc=GSM1079483&targ=self&form=text&view=quick,b670c87fef7a37c862b7270b1b2a678e11312519aed536179a9d9e2e5168cff6
GSM1079484,GSE44132,GEO sample accession nested within GSE44132,DNA methylation array,PR01-022,antenatal draw,no,antenatal person-level exploratory test,yes in selected analysis,yes,https://www.ncbi.nlm.nih.gov/geo/query/acc.cgi?acc=GSM1079484&targ=self&form=text&view=quick,421e03aa033621f43986f5f284acef9dc97b69d1842575479c89a55a6121cff1
GSM1079485,GSE44132,GEO sample accession nested within GSE44132,DNA methylation array,PR01-084,antenatal draw,no,matrix column and sample-source audit only,no / technical repeat or alternate timepoint,no,https://www.ncbi.nlm.nih.gov/geo/query/acc.cgi?acc=GSM1079485&targ=self&form=text&view=quick,71e73f3db7bf0aba14b8542cf974f47729b0714b64938400f9b3e87639727f7a
GSM1079486,GSE44132,GEO sample accession nested within GSE44132,DNA methylation array,PR01-030,antenatal draw,no,antenatal person-level exploratory test,yes in selected analysis,yes,https://www.ncbi.nlm.nih.gov/geo/query/acc.cgi?acc=GSM1079486&targ=self&form=text&view=quick,9691706c9edb4173804913f251f4b9dad2b2ff3f3e8f5063b444eee52fc3668b
GSM1079487,GSE44132,GEO sample accession nested within GSE44132,DNA methylation array,PR01-005,antenatal draw,yes,antenatal person-level exploratory test,yes in selected analysis,yes,https://www.ncbi.nlm.nih.gov/geo/query/acc.cgi?acc=GSM1079487&targ=self&form=text&view=quick,75e4dd903012f559fa8f000c06ae2843093d77404e5b1bffa3cdfd3ccbe23637
GSM1079488,GSE44132,GEO sample accession nested within GSE44132,DNA methylation array,PR01-038,antenatal draw,no,antenatal person-level exploratory test,yes in selected analysis,yes,https://www.ncbi.nlm.nih.gov/geo/query/acc.cgi?acc=GSM1079488&targ=self&form=text&view=quick,fa1b41f852b3a9af6fc509d6cb5257141e766876173e33ebe48e9d16384e3835
GSM1079489,GSE44132,GEO sample accession nested within GSE44132,DNA methylation array,PR01-044,antenatal draw,yes,antenatal person-level exploratory test,yes in selected analysis,yes,https://www.ncbi.nlm.nih.gov/geo/query/acc.cgi?acc=GSM1079489&targ=self&form=text&view=quick,bc0063d538ba6f4edf44344f4b8c85fb15cb7240c5d50f19f877fd2e87571e1b
GSM1079490,GSE44132,GEO sample accession nested within GSE44132,DNA methylation array,PR01-013,antenatal draw,yes,antenatal person-level exploratory test,yes in selected analysis,yes,https://www.ncbi.nlm.nih.gov/geo/query/acc.cgi?acc=GSM1079490&targ=self&form=text&view=quick,6d2ef2d20e3a0caf8a64c0bbc676d5f615e87ea08654d358b78d34e588bb05f2
GSM1079491,GSE44132,GEO sample accession nested within GSE44132,DNA methylation array,PR01-045,antenatal draw,no,antenatal person-level exploratory test,yes in selected analysis,yes,https://www.ncbi.nlm.nih.gov/geo/query/acc.cgi?acc=GSM1079491&targ=self&form=text&view=quick,fc8db69022761e0054303bac119be1002900626998009aa8dc5b71fd792c90f1
GSM1079492,GSE44132,GEO sample accession nested within GSE44132,DNA methylation array,PR01-066,antenatal draw,no,antenatal person-level exploratory test,yes in selected analysis,yes,https://www.ncbi.nlm.nih.gov/geo/query/acc.cgi?acc=GSM1079492&targ=self&form=text&view=quick,5621e5480343916ccf8ea815bf3f5299e8cf6a779ebbca1878af9361af697ae2
GSM1079493,GSE44132,GEO sample accession nested within GSE44132,DNA methylation array,PR01-084,antenatal draw,no,matrix column and sample-source audit only,no / technical repeat or alternate timepoint,no,https://www.ncbi.nlm.nih.gov/geo/query/acc.cgi?acc=GSM1079493&targ=self&form=text&view=quick,c949f7f12576a91ae0f65c69de1907a2429858255c3db40f24554cb44b6281a4
GSM1079494,GSE44132,GEO sample accession nested within GSE44132,DNA methylation array,PR01-029,antenatal draw,no,antenatal person-level exploratory test,yes in selected analysis,yes,https://www.ncbi.nlm.nih.gov/geo/query/acc.cgi?acc=GSM1079494&targ=self&form=text&view=quick,4185386e68f8150ee2f1a0e90fbedbf8777f0950e559273b2ac0ff7907316dce
GSM1079495,GSE44132,GEO sample accession nested within GSE44132,DNA methylation array,PR01-060,antenatal draw,no,antenatal person-level exploratory test,yes in selected analysis,yes,https://www.ncbi.nlm.nih.gov/geo/query/acc.cgi?acc=GSM1079495&targ=self&form=text&view=quick,94eb237042ad0f39cf2e90d5a027a9efd8edd81b2bac054eea3bd2023cb1ea85
GSM1079496,GSE44132,GEO sample accession nested within GSE44132,DNA methylation array,PR01-036,antenatal draw,yes,antenatal person-level exploratory test,yes in selected analysis,yes,https://www.ncbi.nlm.nih.gov/geo/query/acc.cgi?acc=GSM1079496&targ=self&form=text&view=quick,5901b47c3449bc0e0d56b8058e345b3491516ea202f4a2964a9791474f696ed0
GSM1079497,GSE44132,GEO sample accession nested within GSE44132,DNA methylation array,PR01-080,antenatal draw,no,antenatal person-level exploratory test,yes in selected analysis,yes,https://www.ncbi.nlm.nih.gov/geo/query/acc.cgi?acc=GSM1079497&targ=self&form=text&view=quick,1c7915ccd80c5487e22c17fd2058273fc1a5c3c2f17e12bca8df859769a8e251
GSM1079498,GSE44132,GEO sample accession nested within GSE44132,DNA methylation array,PR01-084,antenatal draw,no,matrix column and sample-source audit only,no / technical repeat or alternate timepoint,no,https://www.ncbi.nlm.nih.gov/geo/query/acc.cgi?acc=GSM1079498&targ=self&form=text&view=quick,7cf7d7315ae952db83e32813ffef64f705749faa2b14b8c7171bc2b09e548690
GSM1079499,GSE44132,GEO sample accession nested within GSE44132,DNA methylation array,PR01-059,antenatal draw,no,antenatal person-level exploratory test,yes in selected analysis,yes,https://www.ncbi.nlm.nih.gov/geo/query/acc.cgi?acc=GSM1079499&targ=self&form=text&view=quick,cee535978c17b85f1eecdb437b0f447b5034a681478e0a08bab244d8b73ff4d1
GSM1079500,GSE44132,GEO sample accession nested within GSE44132,DNA methylation array,PR01-047,antenatal draw,yes,antenatal person-level exploratory test,yes in selected analysis,yes,https://www.ncbi.nlm.nih.gov/geo/query/acc.cgi?acc=GSM1079500&targ=self&form=text&view=quick,9e415767725226634aa23b26ac9813122c9140956e67f55a849b1b1503a76e28
GSM1079501,GSE44132,GEO sample accession nested within GSE44132,DNA methylation array,PR01-056,antenatal draw,no,antenatal person-level exploratory test,yes in selected analysis,yes,https://www.ncbi.nlm.nih.gov/geo/query/acc.cgi?acc=GSM1079501&targ=self&form=text&view=quick,2e2de03eced420245b5d9620b6bb416fe2e7fa59c00773c87e4602fc2e4df474
GSM1079502,GSE44132,GEO sample accession nested within GSE44132,DNA methylation array,PR01-031,antenatal draw,yes,antenatal person-level exploratory test,yes in selected analysis,yes,https://www.ncbi.nlm.nih.gov/geo/query/acc.cgi?acc=GSM1079502&targ=self&form=text&view=quick,b656be2549227fe3ee2bb12d56c95499360c20b13163c580aaf6f620c571a8bf
GSM1079503,GSE44132,GEO sample accession nested within GSE44132,DNA methylation array,PR01-063,antenatal draw,no,antenatal person-level exploratory test,yes in selected analysis,yes,https://www.ncbi.nlm.nih.gov/geo/query/acc.cgi?acc=GSM1079503&targ=self&form=text&view=quick,49566ccbdc908ef666ac687945eaca64cb2a54252b906dc698084774caf8a601
GSM1079504,GSE44132,GEO sample accession nested within GSE44132,DNA methylation array,PR01-085,antenatal draw,no,antenatal person-level exploratory test,yes in selected analysis,yes,https://www.ncbi.nlm.nih.gov/geo/query/acc.cgi?acc=GSM1079504&targ=self&form=text&view=quick,60398f44b91e56eeec7352e911cc4a5ce43fff9eef94e148884227bacc74dc22
GSM1079505,GSE44132,GEO sample accession nested within GSE44132,DNA methylation array,PR01-055,antenatal draw,no,antenatal person-level exploratory test,yes in selected analysis,yes,https://www.ncbi.nlm.nih.gov/geo/query/acc.cgi?acc=GSM1079505&targ=self&form=text&view=quick,d3331d66d6cc0ea6a608056c28f2ca68a377b7757052bcd9a8c6dbfbbbe7c550
GSM1079506,GSE44132,GEO sample accession nested within GSE44132,DNA methylation array,PR01-034,antenatal draw,yes,antenatal person-level exploratory test,yes in selected analysis,yes,https://www.ncbi.nlm.nih.gov/geo/query/acc.cgi?acc=GSM1079506&targ=self&form=text&view=quick,c0de39a65556b99b02ddc3348f6a9ec4c3fdd58b113ab31d15ec868a5527c486
GSM1079507,GSE44132,GEO sample accession nested within GSE44132,DNA methylation array,PR01-065,antenatal draw,no,antenatal person-level exploratory test,yes in selected analysis,yes,https://www.ncbi.nlm.nih.gov/geo/query/acc.cgi?acc=GSM1079507&targ=self&form=text&view=quick,17fc6d1fe7142d80f74c33b9bb2276798139bf8b19cdc427b9846a3f97e8fe0b
GSM1079508,GSE44132,GEO sample accession nested within GSE44132,DNA methylation array,PR01-035,antenatal draw,yes,antenatal person-level exploratory test,yes in selected analysis,yes,https://www.ncbi.nlm.nih.gov/geo/query/acc.cgi?acc=GSM1079508&targ=self&form=text&view=quick,95d8996f0050035c420f2f4816c063e6f79dbe94eb7b4ba4816bc962c4647d8c
GSM1079509,GSE44132,GEO sample accession nested within GSE44132,DNA methylation array,PR01-072,antenatal draw,no,antenatal person-level exploratory test,yes in selected analysis,yes,https://www.ncbi.nlm.nih.gov/geo/query/acc.cgi?acc=GSM1079509&targ=self&form=text&view=quick,421d300308e3768005e0d2db343a4834c7bf6eceeff928cf184e91839273cf00
GSM1079510,GSE44132,GEO sample accession nested within GSE44132,DNA methylation array,PR01-084,antenatal draw,no,matrix column and sample-source audit only,no / technical repeat or alternate timepoint,no,https://www.ncbi.nlm.nih.gov/geo/query/acc.cgi?acc=GSM1079510&targ=self&form=text&view=quick,482a2ea09c9771f8cef1b2aba29f2943fb55cfa4178ecd3cd1796d3c744fcf70
GSM1079511,GSE44132,GEO sample accession nested within GSE44132,DNA methylation array,PR01-053,antenatal draw,yes,antenatal person-level exploratory test,yes in selected analysis,yes,https://www.ncbi.nlm.nih.gov/geo/query/acc.cgi?acc=GSM1079511&targ=self&form=text&view=quick,11dd1a4cc91353315b5ce9dc3906dc9e2fc35e47013e4124a097659a97887c25
GSM1079512,GSE44132,GEO sample accession nested within GSE44132,DNA methylation array,PR01-061,antenatal draw,no,antenatal person-level exploratory test,yes in selected analysis,yes,https://www.ncbi.nlm.nih.gov/geo/query/acc.cgi?acc=GSM1079512&targ=self&form=text&view=quick,37ae8d37b79dd61bd8430afdf4c9e4b31417b3ed1633ce9acbc35b2838217959
GSM1079513,GSE44132,GEO sample accession nested within GSE44132,DNA methylation array,PR01-026,antenatal draw,no,antenatal person-level exploratory test,yes in selected analysis,yes,https://www.ncbi.nlm.nih.gov/geo/query/acc.cgi?acc=GSM1079513&targ=self&form=text&view=quick,738464ed6b18c5472a035fc503a76f2716917d930d882408bdb7d691de563a51
GSM1079514,GSE44132,GEO sample accession nested within GSE44132,DNA methylation array,PR01-033,antenatal draw,yes,antenatal person-level exploratory test,yes in selected analysis,yes,https://www.ncbi.nlm.nih.gov/geo/query/acc.cgi?acc=GSM1079514&targ=self&form=text&view=quick,a2a404d45c9915d8509a1080da6d9f5e8bbcbed1fa72de17136a45cae15509fa
GSM1079515,GSE44132,GEO sample accession nested within GSE44132,DNA methylation array,PR01-039,antenatal draw,yes,antenatal person-level exploratory test,yes in selected analysis,yes,https://www.ncbi.nlm.nih.gov/geo/query/acc.cgi?acc=GSM1079515&targ=self&form=text&view=quick,8093c12b6aeb700dcef456b2336d3579af214eb0c1c2bd5b76b47b777505f878
GSM1079516,GSE44132,GEO sample accession nested within GSE44132,DNA methylation array,PR01-024,antenatal draw,no,antenatal person-level exploratory test,yes in selected analysis,yes,https://www.ncbi.nlm.nih.gov/geo/query/acc.cgi?acc=GSM1079516&targ=self&form=text&view=quick,209e8ed65c7cfc7bd7ed9c5b546ba12efbb289fd3305486b1de2a9c7a7355ffc
GSM1079517,GSE44132,GEO sample accession nested within GSE44132,DNA methylation array,PR01-037,antenatal draw,yes,antenatal person-level exploratory test,yes in selected analysis,yes,https://www.ncbi.nlm.nih.gov/geo/query/acc.cgi?acc=GSM1079517&targ=self&form=text&view=quick,389581f26094c1ef7e589c9f423f939977429091666d209d5a443af5f60e9d30
GSM1079518,GSE44132,GEO sample accession nested within GSE44132,DNA methylation array,PR01-057,antenatal draw,yes,antenatal person-level exploratory test,yes in selected analysis,yes,https://www.ncbi.nlm.nih.gov/geo/query/acc.cgi?acc=GSM1079518&targ=self&form=text&view=quick,49045c9c04b1d92760474d63c7a5043097c9c2a6c23c15fc381d4eb8f4f05f3d
GSM1079519,GSE44132,GEO sample accession nested within GSE44132,DNA methylation array,PR01-028,antenatal draw,yes,antenatal person-level exploratory test,yes in selected analysis,yes,https://www.ncbi.nlm.nih.gov/geo/query/acc.cgi?acc=GSM1079519&targ=self&form=text&view=quick,18592ebc95c00b6eba56d0023698e050536640abb2530e918a835c4f96f4ef38
GSM1079520,GSE44132,GEO sample accession nested within GSE44132,DNA methylation array,PR01-067,antenatal draw,yes,antenatal person-level exploratory test,yes in selected analysis,yes,https://www.ncbi.nlm.nih.gov/geo/query/acc.cgi?acc=GSM1079520&targ=self&form=text&view=quick,bf20d28bc16a46b7c1f96d0fc238a8d6d6e7c328769048c6b6af66b8ff1816c0
GSM1079521,GSE44132,GEO sample accession nested within GSE44132,DNA methylation array,PR01-073,antenatal draw,no,antenatal person-level exploratory test,yes in selected analysis,yes,https://www.ncbi.nlm.nih.gov/geo/query/acc.cgi?acc=GSM1079521&targ=self&form=text&view=quick,b6f79e863592de26a8bd7140b88b52aa7c65b664c4739ca833cf5e9b4a3e2c65
GSM1079522,GSE44132,GEO sample accession nested within GSE44132,DNA methylation array,PR01-062,antenatal draw,yes,antenatal person-level exploratory test,yes in selected analysis,yes,https://www.ncbi.nlm.nih.gov/geo/query/acc.cgi?acc=GSM1079522&targ=self&form=text&view=quick,6a49ef5876d9cb55d29068b6bfa60c3b7d8c97bbcfbfc0816e743e91cace8be6
GSM1079523,GSE44132,GEO sample accession nested within GSE44132,DNA methylation array,PR01-083,antenatal draw,no,antenatal person-level exploratory test,yes in selected analysis,yes,https://www.ncbi.nlm.nih.gov/geo/query/acc.cgi?acc=GSM1079523&targ=self&form=text&view=quick,f235200f1a9d887e523efc9ca3cc7a676c443e9c65727fc14bd1e414b6801c16
GSM1079524,GSE44132,GEO sample accession nested within GSE44132,DNA methylation array,PR01-076,antenatal draw,no,antenatal person-level exploratory test,yes in selected analysis,yes,https://www.ncbi.nlm.nih.gov/geo/query/acc.cgi?acc=GSM1079524&targ=self&form=text&view=quick,f371aa2a78bae0ec083eedbf2fe21e001d14d39e10253e2e6d311378e13b74e5
GSM1079525,GSE44132,GEO sample accession nested within GSE44132,DNA methylation array,PR01-074,antenatal draw,yes,antenatal person-level exploratory test,yes in selected analysis,yes,https://www.ncbi.nlm.nih.gov/geo/query/acc.cgi?acc=GSM1079525&targ=self&form=text&view=quick,fb2762f5ca0deaefb3fd34f9e982d108069efe6c9d5b637354f2e85fdc1e9afa
GSM1079526,GSE44132,GEO sample accession nested within GSE44132,DNA methylation array,PR01-068,antenatal draw,yes,antenatal person-level exploratory test,yes in selected analysis,yes,https://www.ncbi.nlm.nih.gov/geo/query/acc.cgi?acc=GSM1079526&targ=self&form=text&view=quick,7aee3e97fb913a61175142986abbe96ae9e6840319e1824381365c74de68a297
GSM1079527,GSE44132,GEO sample accession nested within GSE44132,DNA methylation array,PR01-091,antenatal draw,yes,antenatal person-level exploratory test,yes in selected analysis,yes,https://www.ncbi.nlm.nih.gov/geo/query/acc.cgi?acc=GSM1079527&targ=self&form=text&view=quick,60f8ba0c249edc38e4bd9b25fe6c2b7dad856d50f029d1cbc9276d8221665b68
GSM1079528,GSE44132,GEO sample accession nested within GSE44132,DNA methylation array,PR01-084,antenatal draw,no,matrix column and sample-source audit only,no / technical repeat or alternate timepoint,no,https://www.ncbi.nlm.nih.gov/geo/query/acc.cgi?acc=GSM1079528&targ=self&form=text&view=quick,50a9a93334d64627932e4ab7aeded1531459842067678b6555f0bc9181df66ac
GSE335141,GSE335141,GEO series accession,DNA methylation array,,,,series metadata and matrix provenance,no,no,https://www.ncbi.nlm.nih.gov/geo/query/acc.cgi?acc=GSE335141&targ=self&form=text&view=full,aa08dff25018f43c98f6b8af60885b4c31a613fabf3c0aa5d644eae5a1045431
GSM9806583,GSE335141,GEO sample accession nested within GSE335141,DNA methylation array,Control1,T0,healthy,T0 person-level exploratory test,yes in selected analysis,yes,https://www.ncbi.nlm.nih.gov/geo/query/acc.cgi?acc=GSM9806583&targ=self&form=text&view=quick,52db7f2bb2a86c2be4cd973a7415fed6e81613cacd77dc52ba4bbbf5b95c0307
GSM9806584,GSE335141,GEO sample accession nested within GSE335141,DNA methylation array,PPD1,T0,PPD,T0 person-level exploratory test,yes in selected analysis,yes,https://www.ncbi.nlm.nih.gov/geo/query/acc.cgi?acc=GSM9806584&targ=self&form=text&view=quick,0468c6aa84db65e1dd9c2aaba5911df431e4d64b19047171909650056ed71609
GSM9806585,GSE335141,GEO sample accession nested within GSE335141,DNA methylation array,Control1,T4,healthy,matrix column and sample-source audit only,no / technical repeat or alternate timepoint,no,https://www.ncbi.nlm.nih.gov/geo/query/acc.cgi?acc=GSM9806585&targ=self&form=text&view=quick,182d56c436a6c114bc32d4457ab8b84142a9b72bb7612b1ca9e580d26cc84c6a
GSM9806586,GSE335141,GEO sample accession nested within GSE335141,DNA methylation array,PPD1,T4,PPD,matrix column and sample-source audit only,no / technical repeat or alternate timepoint,no,https://www.ncbi.nlm.nih.gov/geo/query/acc.cgi?acc=GSM9806586&targ=self&form=text&view=quick,1a548dffe5439d2240c248a5137a561d872aa6d0731e03102430d1e1b677b665
GSM9806587,GSE335141,GEO sample accession nested within GSE335141,DNA methylation array,Control2,T0,healthy,T0 person-level exploratory test,yes in selected analysis,yes,https://www.ncbi.nlm.nih.gov/geo/query/acc.cgi?acc=GSM9806587&targ=self&form=text&view=quick,9b853645233f90371dc839996039b90bbc9b5a445422917a14d3dbd0d18c1df8
GSM9806588,GSE335141,GEO sample accession nested within GSE335141,DNA methylation array,PPD2,T0,PPD,T0 person-level exploratory test,yes in selected analysis,yes,https://www.ncbi.nlm.nih.gov/geo/query/acc.cgi?acc=GSM9806588&targ=self&form=text&view=quick,788082630456bc3ee9432a5a8a24103e1a5f40616cf0a86e44bf3e8094261f31
GSM9806589,GSE335141,GEO sample accession nested within GSE335141,DNA methylation array,Control2,T4,healthy,matrix column and sample-source audit only,no / technical repeat or alternate timepoint,no,https://www.ncbi.nlm.nih.gov/geo/query/acc.cgi?acc=GSM9806589&targ=self&form=text&view=quick,5866bb9aeee9f1812a7437908fdb7d41f0192841e6a94c86375577d7c7dc6473
GSM9806590,GSE335141,GEO sample accession nested within GSE335141,DNA methylation array,PPD2,T4,PPD,matrix column and sample-source audit only,no / technical repeat or alternate timepoint,no,https://www.ncbi.nlm.nih.gov/geo/query/acc.cgi?acc=GSM9806590&targ=self&form=text&view=quick,d90e3c448098fe2782401896625642c5b5a6b9fac6ee76051adeae1fb5736909
GSM9806591,GSE335141,GEO sample accession nested within GSE335141,DNA methylation array,Control3,T0,healthy,T0 person-level exploratory test,yes in selected analysis,yes,https://www.ncbi.nlm.nih.gov/geo/query/acc.cgi?acc=GSM9806591&targ=self&form=text&view=quick,b58c84cc8344041080790b519ebbdb5a47da3cea7946b6c848e0ecaa7348e74c
GSM9806592,GSE335141,GEO sample accession nested within GSE335141,DNA methylation array,PPD4,T0,PPD,T0 person-level exploratory test,yes in selected analysis,yes,https://www.ncbi.nlm.nih.gov/geo/query/acc.cgi?acc=GSM9806592&targ=self&form=text&view=quick,d691c547f3c880b08b7ccbfe579c92437627b9fce9a2dd2c36190f7488852a13
GSM9806593,GSE335141,GEO sample accession nested within GSE335141,DNA methylation array,Control3,T4,healthy,matrix column and sample-source audit only,no / technical repeat or alternate timepoint,no,https://www.ncbi.nlm.nih.gov/geo/query/acc.cgi?acc=GSM9806593&targ=self&form=text&view=quick,fe391e8ecd6656486f95ca0d0d0bb3ae93238f484158813654143abc396cc14f
GSM9806594,GSE335141,GEO sample accession nested within GSE335141,DNA methylation array,PPD4,T4,PPD,matrix column and sample-source audit only,no / technical repeat or alternate timepoint,no,https://www.ncbi.nlm.nih.gov/geo/query/acc.cgi?acc=GSM9806594&targ=self&form=text&view=quick,23e42e3ec5eb3282c42a6ba443c319f854566b5a9e4ae22d15a5503e25841058
GSM9806595,GSE335141,GEO sample accession nested within GSE335141,DNA methylation array,Control4,T0,healthy,T0 person-level exploratory test,yes in selected analysis,yes,https://www.ncbi.nlm.nih.gov/geo/query/acc.cgi?acc=GSM9806595&targ=self&form=text&view=quick,4b765d858ea84608bf2baa645d990100689899f8d206a871e4b3ad689c582911
GSM9806596,GSE335141,GEO sample accession nested within GSE335141,DNA methylation array,PPD7,T0,PPD,T0 person-level exploratory test,yes in selected analysis,yes,https://www.ncbi.nlm.nih.gov/geo/query/acc.cgi?acc=GSM9806596&targ=self&form=text&view=quick,af74c8fba0a025fac90e0d3516b0a77095b8762f4222074fe2db0b6c51a5eae1
GSM9806597,GSE335141,GEO sample accession nested within GSE335141,DNA methylation array,Control4,T4,healthy,matrix column and sample-source audit only,no / technical repeat or alternate timepoint,no,https://www.ncbi.nlm.nih.gov/geo/query/acc.cgi?acc=GSM9806597&targ=self&form=text&view=quick,2f690222c8b197bdcd41f38731bfb519f25214a62604417119f7c74647050f3e
GSM9806598,GSE335141,GEO sample accession nested within GSE335141,DNA methylation array,PPD7,T4,PPD,matrix column and sample-source audit only,no / technical repeat or alternate timepoint,no,https://www.ncbi.nlm.nih.gov/geo/query/acc.cgi?acc=GSM9806598&targ=self&form=text&view=quick,3798f1f6c17b7b1890a8c8a6daa286905f1bada487645e62dfdb1e8fb0eef232
GSM9806599,GSE335141,GEO sample accession nested within GSE335141,DNA methylation array,Control5,T0,healthy,T0 person-level exploratory test,yes in selected analysis,yes,https://www.ncbi.nlm.nih.gov/geo/query/acc.cgi?acc=GSM9806599&targ=self&form=text&view=quick,199506c564177030f7e68bff486417277e4e9d7ba5a03ecdd3175d107ee798b1
GSM9806600,GSE335141,GEO sample accession nested within GSE335141,DNA methylation array,PPD8,T0,PPD,T0 person-level exploratory test,yes in selected analysis,yes,https://www.ncbi.nlm.nih.gov/geo/query/acc.cgi?acc=GSM9806600&targ=self&form=text&view=quick,82de1f573619fad28ab0da62fb4efcd5f283e95ff641b744eaabbdcc12e3837a
GSM9806601,GSE335141,GEO sample accession nested within GSE335141,DNA methylation array,Control5,T4,healthy,matrix column and sample-source audit only,no / technical repeat or alternate timepoint,no,https://www.ncbi.nlm.nih.gov/geo/query/acc.cgi?acc=GSM9806601&targ=self&form=text&view=quick,4236eb9250045a2db8f71bafe24ac9162ab94a1412ba2ceef563df7771648c8f
GSM9806602,GSE335141,GEO sample accession nested within GSE335141,DNA methylation array,PPD8,T4,PPD,matrix column and sample-source audit only,no / technical repeat or alternate timepoint,no,https://www.ncbi.nlm.nih.gov/geo/query/acc.cgi?acc=GSM9806602&targ=self&form=text&view=quick,a48fe6f9c3d94d8388b06626eae71b483c1f194bc293403d0a1029d0abdaf258
GSM9806603,GSE335141,GEO sample accession nested within GSE335141,DNA methylation array,Control6,T0,healthy,T0 person-level exploratory test,yes in selected analysis,yes,https://www.ncbi.nlm.nih.gov/geo/query/acc.cgi?acc=GSM9806603&targ=self&form=text&view=quick,6e7d7e319984f257f11c79740ea0c1e926f50c025ee3f61cc192177ba0df2b6a
GSM9806604,GSE335141,GEO sample accession nested within GSE335141,DNA methylation array,PPD10,T0,PPD,T0 person-level exploratory test,yes in selected analysis,yes,https://www.ncbi.nlm.nih.gov/geo/query/acc.cgi?acc=GSM9806604&targ=self&form=text&view=quick,eecdf8884429d97a0874ecc3ef1e58cd9a49c8d59c16dc1eb6cff66af4b7eb78
GSM9806605,GSE335141,GEO sample accession nested within GSE335141,DNA methylation array,Control6,T4,healthy,matrix column and sample-source audit only,no / technical repeat or alternate timepoint,no,https://www.ncbi.nlm.nih.gov/geo/query/acc.cgi?acc=GSM9806605&targ=self&form=text&view=quick,9111f67b0d01fd1d259e525f5ad2c8fc6640dfdb64aaba91620591ca2db24337
GSM9806606,GSE335141,GEO sample accession nested within GSE335141,DNA methylation array,PPD10,T4,PPD,matrix column and sample-source audit only,no / technical repeat or alternate timepoint,no,https://www.ncbi.nlm.nih.gov/geo/query/acc.cgi?acc=GSM9806606&targ=self&form=text&view=quick,c9afec6f48b3b0b10e47f2d713c21c83d0846b511d1edd082df174b306937400
GSM9806607,GSE335141,GEO sample accession nested within GSE335141,DNA methylation array,Control7,T0,healthy,T0 person-level exploratory test,yes in selected analysis,yes,https://www.ncbi.nlm.nih.gov/geo/query/acc.cgi?acc=GSM9806607&targ=self&form=text&view=quick,f81980756cf5bad74eaa95337e33602d6e1e268706ec59701fa8006302e60ea8
GSM9806608,GSE335141,GEO sample accession nested within GSE335141,DNA methylation array,PPD11,T0,PPD,T0 person-level exploratory test,yes in selected analysis,yes,https://www.ncbi.nlm.nih.gov/geo/query/acc.cgi?acc=GSM9806608&targ=self&form=text&view=quick,8c73f0f96d1676509a2264cae9715d76966876d6666155b748731b32e8d3d377
GSM9806609,GSE335141,GEO sample accession nested within GSE335141,DNA methylation array,Control7,T4,healthy,matrix column and sample-source audit only,no / technical repeat or alternate timepoint,no,https://www.ncbi.nlm.nih.gov/geo/query/acc.cgi?acc=GSM9806609&targ=self&form=text&view=quick,e41e59bb282c6584d94bdd544a5c2a9431193687198d1992525d6809155dcb1b
GSM9806610,GSE335141,GEO sample accession nested within GSE335141,DNA methylation array,PPD11,T4,PPD,matrix column and sample-source audit only,no / technical repeat or alternate timepoint,no,https://www.ncbi.nlm.nih.gov/geo/query/acc.cgi?acc=GSM9806610&targ=self&form=text&view=quick,48bd3445e25d178de718b85c20131db2971b2cc9f62c9f1ff9d90b7b82ab30a2
GSM9806611,GSE335141,GEO sample accession nested within GSE335141,DNA methylation array,Control8,T0,healthy,T0 person-level exploratory test,yes in selected analysis,yes,https://www.ncbi.nlm.nih.gov/geo/query/acc.cgi?acc=GSM9806611&targ=self&form=text&view=quick,085da0edf10b88271ab4af1a7c1e1309f64e79e956bf2a2d19633defd5abc915
GSM9806612,GSE335141,GEO sample accession nested within GSE335141,DNA methylation array,PPD12,T0,PPD,T0 person-level exploratory test,yes in selected analysis,yes,https://www.ncbi.nlm.nih.gov/geo/query/acc.cgi?acc=GSM9806612&targ=self&form=text&view=quick,8890820e8d8f0fa92da44abd7ab8b5a5a137f45e832d87336d947bdf116bcdc2
GSM9806613,GSE335141,GEO sample accession nested within GSE335141,DNA methylation array,Control8,T4,healthy,matrix column and sample-source audit only,no / technical repeat or alternate timepoint,no,https://www.ncbi.nlm.nih.gov/geo/query/acc.cgi?acc=GSM9806613&targ=self&form=text&view=quick,7f5dd42bd8b329537277da6368e36f1bb41a1e8c0ac96251b90b77cbb010ed1e
GSM9806614,GSE335141,GEO sample accession nested within GSE335141,DNA methylation array,PPD12,T4,PPD,matrix column and sample-source audit only,no / technical repeat or alternate timepoint,no,https://www.ncbi.nlm.nih.gov/geo/query/acc.cgi?acc=GSM9806614&targ=self&form=text&view=quick,4ffbc083fc56afae61575babd5267f471e9558fbf4624b5fe963c67de158bfc0
GSM9806615,GSE335141,GEO sample accession nested within GSE335141,DNA methylation array,Control9,T0,healthy,T0 person-level exploratory test,yes in selected analysis,yes,https://www.ncbi.nlm.nih.gov/geo/query/acc.cgi?acc=GSM9806615&targ=self&form=text&view=quick,0f5330d5d6a39dea682b2302606ff31620363275a96c52c09cc1402829b8959c
GSM9806616,GSE335141,GEO sample accession nested within GSE335141,DNA methylation array,PPD13,T0,PPD,T0 person-level exploratory test,yes in selected analysis,yes,https://www.ncbi.nlm.nih.gov/geo/query/acc.cgi?acc=GSM9806616&targ=self&form=text&view=quick,9656e080ac93cd40bff32726c4cb52edc4ce6d3da85c03f29eae464264358210
GSM9806617,GSE335141,GEO sample accession nested within GSE335141,DNA methylation array,Control9,T4,healthy,matrix column and sample-source audit only,no / technical repeat or alternate timepoint,no,https://www.ncbi.nlm.nih.gov/geo/query/acc.cgi?acc=GSM9806617&targ=self&form=text&view=quick,d24ae9014c7ca09dec21eac5881237e93067392996c3f6617aa1309e9ba5ce70
GSM9806618,GSE335141,GEO sample accession nested within GSE335141,DNA methylation array,PPD13,T4,PPD,matrix column and sample-source audit only,no / technical repeat or alternate timepoint,no,https://www.ncbi.nlm.nih.gov/geo/query/acc.cgi?acc=GSM9806618&targ=self&form=text&view=quick,862d46affa5d8697e3cba0df3715578050632b97272c4ade7ecdc76c142c1b2d
GSM9806619,GSE335141,GEO sample accession nested within GSE335141,DNA methylation array,Control10,T0,healthy,T0 person-level exploratory test,yes in selected analysis,yes,https://www.ncbi.nlm.nih.gov/geo/query/acc.cgi?acc=GSM9806619&targ=self&form=text&view=quick,d5b41e8d4b237cd126e0c013f499ddd09c0d3b34f663983c9e28fdae9e5ee170
GSM9806620,GSE335141,GEO sample accession nested within GSE335141,DNA methylation array,PPD14,T0,PPD,T0 person-level exploratory test,yes in selected analysis,yes,https://www.ncbi.nlm.nih.gov/geo/query/acc.cgi?acc=GSM9806620&targ=self&form=text&view=quick,3fb90e55eb77bbf270656d7179b7a4b6e4433e8e59502352b2ba4fb647c58da0
GSM9806621,GSE335141,GEO sample accession nested within GSE335141,DNA methylation array,Control10,T4,healthy,matrix column and sample-source audit only,no / technical repeat or alternate timepoint,no,https://www.ncbi.nlm.nih.gov/geo/query/acc.cgi?acc=GSM9806621&targ=self&form=text&view=quick,50ef463abd838e4d56a6fd3156cba852c712830a958a85f5aad4fad933c01ee2
GSM9806622,GSE335141,GEO sample accession nested within GSE335141,DNA methylation array,PPD14,T4,PPD,matrix column and sample-source audit only,no / technical repeat or alternate timepoint,no,https://www.ncbi.nlm.nih.gov/geo/query/acc.cgi?acc=GSM9806622&targ=self&form=text&view=quick,244b27968786b835f59d0cea2475862330e6cf540906fc8605dd854f05ce0b57
GSM9806623,GSE335141,GEO sample accession nested within GSE335141,DNA methylation array,Control11,T0,healthy,T0 person-level exploratory test,yes in selected analysis,yes,https://www.ncbi.nlm.nih.gov/geo/query/acc.cgi?acc=GSM9806623&targ=self&form=text&view=quick,a419b93cb378ccdc2c1bd27c4109cfb145d10e904ae2edd47658a05702056123
GSM9806624,GSE335141,GEO sample accession nested within GSE335141,DNA methylation array,PPD15,T0,PPD,T0 person-level exploratory test,yes in selected analysis,yes,https://www.ncbi.nlm.nih.gov/geo/query/acc.cgi?acc=GSM9806624&targ=self&form=text&view=quick,456f56f9dfa76794a21c34ea1f993443ea8c2b93f7a6bb76d156b28bb3894d43
GSM9806625,GSE335141,GEO sample accession nested within GSE335141,DNA methylation array,Control11,T4,healthy,matrix column and sample-source audit only,no / technical repeat or alternate timepoint,no,https://www.ncbi.nlm.nih.gov/geo/query/acc.cgi?acc=GSM9806625&targ=self&form=text&view=quick,7547041d462f8b2b77c640a39f696f894a12b5ccc3069226f847711cfe8cd451
GSM9806626,GSE335141,GEO sample accession nested within GSE335141,DNA methylation array,PPD15,T4,PPD,matrix column and sample-source audit only,no / technical repeat or alternate timepoint,no,https://www.ncbi.nlm.nih.gov/geo/query/acc.cgi?acc=GSM9806626&targ=self&form=text&view=quick,fbd77cedc95da5cc1628e6ffad0e48c0074f47f5fd664e8368c6dbff40f0ec02
GSM9806627,GSE335141,GEO sample accession nested within GSE335141,DNA methylation array,Control14,T0,healthy,T0 person-level exploratory test,yes in selected analysis,yes,https://www.ncbi.nlm.nih.gov/geo/query/acc.cgi?acc=GSM9806627&targ=self&form=text&view=quick,0f4084f10d9af08b74c95e3db4f7c90bd1ba6b844e76aefb56d9119bfac9e329
GSM9806628,GSE335141,GEO sample accession nested within GSE335141,DNA methylation array,PPD16,T0,PPD,T0 person-level exploratory test,yes in selected analysis,yes,https://www.ncbi.nlm.nih.gov/geo/query/acc.cgi?acc=GSM9806628&targ=self&form=text&view=quick,d00b5d202743bc582e056b264551e2bebb787a4e67fc5259bd3b57bc5facb576
GSM9806629,GSE335141,GEO sample accession nested within GSE335141,DNA methylation array,Control14,T4,healthy,matrix column and sample-source audit only,no / technical repeat or alternate timepoint,no,https://www.ncbi.nlm.nih.gov/geo/query/acc.cgi?acc=GSM9806629&targ=self&form=text&view=quick,f4e1047108d0ce259c5cbd3c8746bcb8649379967ff01f161f2e7fe75cddaca5
GSM9806630,GSE335141,GEO sample accession nested within GSE335141,DNA methylation array,PPD16,T4,PPD,matrix column and sample-source audit only,no / technical repeat or alternate timepoint,no,https://www.ncbi.nlm.nih.gov/geo/query/acc.cgi?acc=GSM9806630&targ=self&form=text&view=quick,4c0c3171434d1424c7adae7fe090bc343b5913887454a482459c1d2d558ac6fa
GSM9806631,GSE335141,GEO sample accession nested within GSE335141,DNA methylation array,Control16,T0,healthy,T0 person-level exploratory test,yes in selected analysis,yes,https://www.ncbi.nlm.nih.gov/geo/query/acc.cgi?acc=GSM9806631&targ=self&form=text&view=quick,bf6948fd03f5cea0bb3b48d0c55047380f5fce9c46086b78adad4be2cd2cad4f
GSM9806632,GSE335141,GEO sample accession nested within GSE335141,DNA methylation array,PPD17,T0,PPD,T0 person-level exploratory test,yes in selected analysis,yes,https://www.ncbi.nlm.nih.gov/geo/query/acc.cgi?acc=GSM9806632&targ=self&form=text&view=quick,46ae3d1bc9b8bc7377c8ac03cbd1ce0ba3f0b610c9f0747832fac1930aab4823
GSM9806633,GSE335141,GEO sample accession nested within GSE335141,DNA methylation array,Control16,T4,healthy,matrix column and sample-source audit only,no / technical repeat or alternate timepoint,no,https://www.ncbi.nlm.nih.gov/geo/query/acc.cgi?acc=GSM9806633&targ=self&form=text&view=quick,3de538342667dab4ae90fa0779441b4587347b3ffbff8e9f61c8be9fa2be14b7
GSM9806634,GSE335141,GEO sample accession nested within GSE335141,DNA methylation array,PPD17,T4,PPD,matrix column and sample-source audit only,no / technical repeat or alternate timepoint,no,https://www.ncbi.nlm.nih.gov/geo/query/acc.cgi?acc=GSM9806634&targ=self&form=text&view=quick,138570b808ad1d8ddfed06a86e7adfb55f03d739f492c509a65adb0caabda955
GSM9806635,GSE335141,GEO sample accession nested within GSE335141,DNA methylation array,Control17,T0,healthy,T0 person-level exploratory test,yes in selected analysis,yes,https://www.ncbi.nlm.nih.gov/geo/query/acc.cgi?acc=GSM9806635&targ=self&form=text&view=quick,48cb5bcfc4c0ca7d830b09154503f34d796511ad6da3cfe409f0947b7f2e52bb
GSM9806636,GSE335141,GEO sample accession nested within GSE335141,DNA methylation array,PPD3,T0,PPD,T0 person-level exploratory test,yes in selected analysis,yes,https://www.ncbi.nlm.nih.gov/geo/query/acc.cgi?acc=GSM9806636&targ=self&form=text&view=quick,385106ef904e8187c1e913368be0b269d04bc70482fda882d913a2b4907c9b68
GSM9806637,GSE335141,GEO sample accession nested within GSE335141,DNA methylation array,Control17,T4,healthy,matrix column and sample-source audit only,no / technical repeat or alternate timepoint,no,https://www.ncbi.nlm.nih.gov/geo/query/acc.cgi?acc=GSM9806637&targ=self&form=text&view=quick,4fbf3f96dcaccab6d5b231bff6aaf65636ff8663690fe031943aa526eaed0860
GSM9806638,GSE335141,GEO sample accession nested within GSE335141,DNA methylation array,PPD3,T4,PPD,matrix column and sample-source audit only,no / technical repeat or alternate timepoint,no,https://www.ncbi.nlm.nih.gov/geo/query/acc.cgi?acc=GSM9806638&targ=self&form=text&view=quick,405e9c726730a40bade62ad2116b3eaee9eeec5a311506ef8dd1ca7fc8b6328e
GSM9806639,GSE335141,GEO sample accession nested within GSE335141,DNA methylation array,Control18,T0,healthy,T0 person-level exploratory test,yes in selected analysis,yes,https://www.ncbi.nlm.nih.gov/geo/query/acc.cgi?acc=GSM9806639&targ=self&form=text&view=quick,3350da1360d5dfbce8b1ca16b3844589b78f232ed29250eb9411a8cde1e79f72
GSM9806640,GSE335141,GEO sample accession nested within GSE335141,DNA methylation array,PPD5,T0,PPD,T0 person-level exploratory test,yes in selected analysis,yes,https://www.ncbi.nlm.nih.gov/geo/query/acc.cgi?acc=GSM9806640&targ=self&form=text&view=quick,119f0b57869933d455724e46fdfe7c5279beb91d8b24cba748ad6cdd7e388222
GSM9806641,GSE335141,GEO sample accession nested within GSE335141,DNA methylation array,Control18,T4,healthy,matrix column and sample-source audit only,no / technical repeat or alternate timepoint,no,https://www.ncbi.nlm.nih.gov/geo/query/acc.cgi?acc=GSM9806641&targ=self&form=text&view=quick,259ab2a7a98784de4cd9c83be80c9a9700f1d12ed025c8f03e069c81f14e4a23
GSM9806642,GSE335141,GEO sample accession nested within GSE335141,DNA methylation array,PPD5,T4,PPD,matrix column and sample-source audit only,no / technical repeat or alternate timepoint,no,https://www.ncbi.nlm.nih.gov/geo/query/acc.cgi?acc=GSM9806642&targ=self&form=text&view=quick,29febab3ed1508631732cd417f8b0d448c922bff655a8ebc8ae4edec4fb2d284
GSM9806643,GSE335141,GEO sample accession nested within GSE335141,DNA methylation array,Control20,T0,healthy,T0 person-level exploratory test,yes in selected analysis,yes,https://www.ncbi.nlm.nih.gov/geo/query/acc.cgi?acc=GSM9806643&targ=self&form=text&view=quick,ae7cefba133090164441bb2fc9aa9412ad3b3f823a695a5b7eea004f045cdb1f
GSM9806644,GSE335141,GEO sample accession nested within GSE335141,DNA methylation array,PPD6,T0,PPD,T0 person-level exploratory test,yes in selected analysis,yes,https://www.ncbi.nlm.nih.gov/geo/query/acc.cgi?acc=GSM9806644&targ=self&form=text&view=quick,57e7778c2c0d6b212a9c37c89e415c628aaa0ee8460739824d3011bcf28b5f0f
GSM9806645,GSE335141,GEO sample accession nested within GSE335141,DNA methylation array,Control20,T4,healthy,matrix column and sample-source audit only,no / technical repeat or alternate timepoint,no,https://www.ncbi.nlm.nih.gov/geo/query/acc.cgi?acc=GSM9806645&targ=self&form=text&view=quick,a887f7eb7c8dec190701c05f8aef89a64357c0f9d11256badea9dae4033d670d
GSM9806646,GSE335141,GEO sample accession nested within GSE335141,DNA methylation array,PPD6,T4,PPD,matrix column and sample-source audit only,no / technical repeat or alternate timepoint,no,https://www.ncbi.nlm.nih.gov/geo/query/acc.cgi?acc=GSM9806646&targ=self&form=text&view=quick,8353692912f662d0a3d9a72386c67216fd53f4be04d8a504134fe7341d7a76c1
GSM9806647,GSE335141,GEO sample accession nested within GSE335141,DNA methylation array,Control19,T4,healthy,matrix column and sample-source audit only,no / technical repeat or alternate timepoint,no,https://www.ncbi.nlm.nih.gov/geo/query/acc.cgi?acc=GSM9806647&targ=self&form=text&view=quick,aba37cf1e2bb61fe5a77f1cd20c2d3cbaed6303ccad21e20c4aa30fd55f07c74
GSM9806648,GSE335141,GEO sample accession nested within GSE335141,DNA methylation array,Control15,T4,healthy,matrix column and sample-source audit only,no / technical repeat or alternate timepoint,no,https://www.ncbi.nlm.nih.gov/geo/query/acc.cgi?acc=GSM9806648&targ=self&form=text&view=quick,e5999c8bc0b7c77400925b17b9562cf8e2416793223354679a8179bae47f9f4e
GSM9806649,GSE335141,GEO sample accession nested within GSE335141,DNA methylation array,Control22,T4,healthy,matrix column and sample-source audit only,no / technical repeat or alternate timepoint,no,https://www.ncbi.nlm.nih.gov/geo/query/acc.cgi?acc=GSM9806649&targ=self&form=text&view=quick,76bf9a6e7d9e2f1ed7bbe471fadc46f3caaee5695dfbed684683ad0fa5edbf4e
GSM9806650,GSE335141,GEO sample accession nested within GSE335141,DNA methylation array,Control12,T4,healthy,matrix column and sample-source audit only,no / technical repeat or alternate timepoint,no,https://www.ncbi.nlm.nih.gov/geo/query/acc.cgi?acc=GSM9806650&targ=self&form=text&view=quick,9356ea897dfc64be5ed246ce899422ed9b47dc47110c7e43fda503b1f9042045
GSM9806651,GSE335141,GEO sample accession nested within GSE335141,DNA methylation array,Control23,T4,healthy,matrix column and sample-source audit only,no / technical repeat or alternate timepoint,no,https://www.ncbi.nlm.nih.gov/geo/query/acc.cgi?acc=GSM9806651&targ=self&form=text&view=quick,9088dcff30b712ff982a13df1a1e9ca59762934c09bc7536e9084a4176140629
GSM9806652,GSE335141,GEO sample accession nested within GSE335141,DNA methylation array,Control13,T4,healthy,matrix column and sample-source audit only,no / technical repeat or alternate timepoint,no,https://www.ncbi.nlm.nih.gov/geo/query/acc.cgi?acc=GSM9806652&targ=self&form=text&view=quick,97487dc9faf29119e0ab0a4e01c8287c4c4f0520006548bbdb754fa4705ecb62
GSM9806653,GSE335141,GEO sample accession nested within GSE335141,DNA methylation array,Control15,T0,healthy,T0 person-level exploratory test,yes in selected analysis,yes,https://www.ncbi.nlm.nih.gov/geo/query/acc.cgi?acc=GSM9806653&targ=self&form=text&view=quick,dad154812126c7ac4dfd30d56fb9983ea6134a780fbf5832c45ed558153039c5
GSM9806654,GSE335141,GEO sample accession nested within GSE335141,DNA methylation array,Control19,T0,healthy,T0 person-level exploratory test,yes in selected analysis,yes,https://www.ncbi.nlm.nih.gov/geo/query/acc.cgi?acc=GSM9806654&targ=self&form=text&view=quick,9f5c81e44e1f07b7b651f3ad00bf25fb6c3853a5a949fba0e4aea88b1262d29d
GSM9806655,GSE335141,GEO sample accession nested within GSE335141,DNA methylation array,Control13,T0,healthy,T0 person-level exploratory test,yes in selected analysis,yes,https://www.ncbi.nlm.nih.gov/geo/query/acc.cgi?acc=GSM9806655&targ=self&form=text&view=quick,2a88574086c51aedf0b5276f4f28125a399b59ee07319e50f2dc2111328ea6f2
GSM9806656,GSE335141,GEO sample accession nested within GSE335141,DNA methylation array,Control12,T0,healthy,T0 person-level exploratory test,yes in selected analysis,yes,https://www.ncbi.nlm.nih.gov/geo/query/acc.cgi?acc=GSM9806656&targ=self&form=text&view=quick,5b47086f5df906081d2480fe3ddb3392e59607307b365010fe121c0f13202357
GSM9806657,GSE335141,GEO sample accession nested within GSE335141,DNA methylation array,Control22,T0,healthy,T0 person-level exploratory test,yes in selected analysis,yes,https://www.ncbi.nlm.nih.gov/geo/query/acc.cgi?acc=GSM9806657&targ=self&form=text&view=quick,096605ab1708fa3bf2e80a3917ede56df85273b940951a0918e25073e56557ec
GSM9806658,GSE335141,GEO sample accession nested within GSE335141,DNA methylation array,Control23,T0,healthy,T0 person-level exploratory test,yes in selected analysis,yes,https://www.ncbi.nlm.nih.gov/geo/query/acc.cgi?acc=GSM9806658&targ=self&form=text&view=quick,d5d7ef59997dba043b5228dff9eb173944e6bbe8681367ef29c81057d35c9b02
GSM9806659,GSE335141,GEO sample accession nested within GSE335141,DNA methylation array,Control21,T0,healthy,T0 person-level exploratory test,yes in selected analysis,yes,https://www.ncbi.nlm.nih.gov/geo/query/acc.cgi?acc=GSM9806659&targ=self&form=text&view=quick,03415a89777e1563a06d96efe44123049f3bfbd503a493d1df84f972d420d703
GSM9806660,GSE335141,GEO sample accession nested within GSE335141,DNA methylation array,PPD9,T0,PPD,T0 person-level exploratory test,yes in selected analysis,yes,https://www.ncbi.nlm.nih.gov/geo/query/acc.cgi?acc=GSM9806660&targ=self&form=text&view=quick,16ba09b6e9c8b05a36c5f8cfd2fb16514ef1fbf77df96f4c2e71cbe45c2dd9b1
GSM9806661,GSE335141,GEO sample accession nested within GSE335141,DNA methylation array,Control21,T4,healthy,matrix column and sample-source audit only,no / technical repeat or alternate timepoint,no,https://www.ncbi.nlm.nih.gov/geo/query/acc.cgi?acc=GSM9806661&targ=self&form=text&view=quick,bddd04b5928d98f038b47b2427a72b3a2a64ead5439354eb4b7c4862442297dc
GSM9806662,GSE335141,GEO sample accession nested within GSE335141,DNA methylation array,PPD9,T4,PPD,matrix column and sample-source audit only,no / technical repeat or alternate timepoint,no,https://www.ncbi.nlm.nih.gov/geo/query/acc.cgi?acc=GSM9806662&targ=self&form=text&view=quick,fceb2dc926d0251ba09c1d4172dbfe919fc945506be96a822e6ae7985f658e51
GSM9806663,GSE335141,GEO sample accession nested within GSE335141,DNA methylation array,Control24,T0,healthy,T0 person-level exploratory test,yes in selected analysis,yes,https://www.ncbi.nlm.nih.gov/geo/query/acc.cgi?acc=GSM9806663&targ=self&form=text&view=quick,ed7f47b37ded7d3ad8651ad06afb557017b4640c02d00cf38e342f496d887099
GSM9806664,GSE335141,GEO sample accession nested within GSE335141,DNA methylation array,Control24,T4,healthy,matrix column and sample-source audit only,no / technical repeat or alternate timepoint,no,https://www.ncbi.nlm.nih.gov/geo/query/acc.cgi?acc=GSM9806664&targ=self&form=text&view=quick,fdf4fe15f1a809dc12fd240c8bcf62072c515505d395a4977c3a8dc7c9693a2a
