gsm,label
GSM8810322,
GSM8810323,
GSM8810324,
GSM8810325,
GSM8810326,
GSM8810327,
GSM8810328,
GSM8810329,
GSM8810330,
GSM8810331,
GSM8810332,
GSM8810333,
GSM8810334,
GSM8810335,
GSM8810336,
GSM8810337,
GSM8810338,
GSM8810339,
GSM8810340,
GSM8810341,
GSM8810342,
GSM8810343,
GSM8810344,
GSM8810345,
GSM8810346,
GSM8810347,
GSM8810348,
GSM8810349,
GSM8810350,
GSM8810351,
GSM8810352,
GSM8810353,
GSM8810354,
GSM8810355,
GSM8810356,
GSM8810357,
GSM8810358,
GSM8810359,
GSM8810360,
GSM8810361,
GSM8810362,
GSM8810363,
GSM8810364,
GSM8810365,
GSM8810366,
GSM8810367,
GSM8810368,
GSM8810369,
GSM8810370,
GSM8810371,
GSM8810372,
GSM8810373,
GSM8810374,
GSM8810375,
GSM8810376,
GSM8810377,
GSM8810378,
GSM8810379,
GSM8810380,
GSM8810381,
GSM8810382,
GSM8810383,
GSM8810384,
GSM8810385,
GSM8810386,
GSM8810387,
GSM8810388,
GSM8810389,
GSM8810390,
GSM8810391,
GSM8810392,
GSM8810393,
GSM8810394,
GSM8810395,
GSM8810396,
GSM8810397,
GSM8810398,
GSM8810399,
GSM8810400,
GSM8810401,
GSM8810402,
GSM8810403,
GSM8810404,
GSM8810405,
GSM8810406,
GSM8810407,
GSM8810408,
GSM8810409,
GSM8810410,
GSM8810411,
GSM8810412,
GSM8810413,
GSM8810414,
GSM8810415,
GSM8810416,
GSM8810417,
GSM8810418,
GSM8810419,
GSM8810420,
GSM8810421,
GSM8810422,
GSM8810423,
GSM8810424,
GSM8810425,
GSM8810426,
GSM8810427,
GSM8810428,
GSM8810429,
GSM8810430,
GSM8810431,
GSM8810432,
GSM8810433,
GSM8810434,
GSM8810435,
GSM8810436,
GSM8810437,
GSM8810438,
GSM8810439,control
GSM8810440,control
GSM8810441,case
GSM8810442,case
GSM8810443,control
GSM8810444,case
GSM8810445,case
GSM8810446,case
GSM8810447,case
GSM8810448,case
GSM8810449,case
GSM8810450,case
GSM8810451,case
GSM8810452,case
GSM8810453,case
GSM8810454,case
GSM8810455,case
GSM8810456,case
GSM8810457,case
GSM8810458,control
GSM8810459,case
GSM8810460,control
GSM8810461,case
GSM8810462,control
GSM8810463,case
GSM8810464,control
GSM8810465,control
GSM8810466,control
GSM8810467,control
GSM8810468,case
GSM8810469,case
GSM8810470,case
GSM8810471,case
GSM8810472,control
GSM8810473,control
GSM8810474,control
GSM8810475,control
GSM8810476,control
GSM8810477,control
GSM8810478,case
GSM8810479,case
GSM8810480,case
GSM8810481,control
GSM8810482,case
GSM8810483,control
GSM8810484,case
GSM8810485,case
GSM8810486,control
GSM8810487,control
GSM8810488,case
GSM8810489,case
GSM8810490,case
GSM8810491,case
GSM8810492,control
GSM8810493,control
GSM8810494,case
GSM8810495,case
GSM8810496,control
GSM8810497,control
GSM8810498,case
GSM8810499,control
GSM8810500,control
GSM8810501,case
GSM8810502,control
GSM8810503,case
GSM8810504,control
GSM8810505,control
GSM8810506,control
GSM8810507,control
GSM8810508,control
GSM8810509,case
GSM8810510,control
GSM8810511,case
GSM8810512,control
GSM8810513,case
GSM8810514,control
GSM8810515,case
GSM8810516,case
GSM8810517,case
GSM8810518,control
GSM8810519,control
GSM8810520,case
GSM8810521,case
GSM8810522,case
GSM8810523,control
GSM8810524,case
GSM8810525,control
GSM8810526,control
GSM8810527,case
GSM8810528,control
GSM8810529,control
GSM8810530,control
GSM8810531,control
GSM8810532,control
GSM8810533,case
GSM8810534,control
GSM8810535,case
GSM8810536,control
GSM8810537,case
GSM8810538,control
GSM8810539,control
GSM8810540,control
GSM8810541,control
GSM8810542,control
GSM8810543,case
GSM8810544,control
GSM8810545,control
GSM8810546,control
GSM8810547,control
GSM8810548,control
GSM8810549,control
GSM8810550,control
GSM8810551,control
GSM8810552,case
GSM8810553,case
GSM8810554,case
GSM8810555,control
GSM8810556,case
GSM8810557,case
GSM8810558,control
GSM8810559,control
GSM8810560,case
GSM8810561,control
GSM8810562,case
GSM8810563,case
GSM8810564,case
GSM8810565,control
GSM8810566,control
GSM8810567,case
GSM8810568,case
GSM8810569,case
GSM8810570,control
GSM8810571,case
GSM8810572,control
GSM8810573,case
GSM8810574,control
GSM8810575,case
GSM8810576,case
GSM8810577,case
GSM8810578,control
GSM8810579,case
GSM8810580,control
GSM8810581,case
GSM8810582,control
GSM8810583,control
GSM8810584,case
GSM8810585,control
GSM8810586,control
GSM8810587,control
GSM8810588,control
GSM8810589,control
GSM8810590,control
GSM8810591,control
GSM8810592,control
GSM8810593,control
GSM8810594,control
GSM8810595,case
GSM8810596,control
GSM8810597,control
GSM8810598,control
GSM8810599,control
GSM8810600,control
GSM8810601,control
GSM8810602,case
GSM8810603,case
GSM8810604,case
GSM8810605,case
GSM8810606,case
GSM8810607,control
GSM8810608,case
GSM8810609,case
GSM8810610,control
GSM8810611,control
GSM8810612,case
GSM8810613,case
GSM8810614,control
GSM8810615,control
GSM8810616,control
GSM8810617,case
GSM8810618,case
GSM8810619,case
GSM8810620,control
GSM8810621,control
GSM8810622,control
